sil 0.000917 -0.000521 -0.000242 0.002214 -0.002168 -0.000818 0.001307 0.002807 0.001656 0.000240 -0.000846 0.001706 0.002202 -0.000812 0.001224 0.001171 -0.002320 0.001316 -0.000726 0.000307 -0.000967 0.000323 0.000828 -0.000920 0.001809 0.002196 0.000347 -0.000238 -0.000849 -0.001014 0.000328 -0.000476 0.001755 -0.000369 0.003164 0.000099 -0.001231 -0.000678 -0.001062 -0.000639 0.001179 -0.000341 0.002201 -0.000452 -0.002170 0.000477 0.000474 -0.000494 0.000846 0.001038 -0.002047 0.000309 -0.000224 0.001285 0.001576 0.000844 0.000003 -0.002380 -0.002954 0.000283 0.000310 0.000858 -0.001674 -0.001213 0.000371 0.002444 0.002488 0.000271 0.001289 0.001235 0.000271 0.001729 -0.000043 -0.000417 -0.001556 0.000239 0.001957 -0.000435 -0.000562 -0.000041 -0.001147 0.000457 0.000055 -0.002742 -0.000338 0.000062 0.001124 -0.002068 -0.001218 0.000660 -0.002072 0.002650 0.001701 0.002538 0.000703 -0.000896 -0.001906 -0.000446 -0.002351 0.001145 -0.000456 -0.000202 -0.001923 -0.000527 0.002574 0.000295 -0.000329 -0.001039 0.001451 0.000145 0.000238 -0.000265 -0.000676 0.001125 -0.001545 0.000940 -0.001860 -0.001755 0.000215 -0.001723 -0.000889 0.000463 0.000638 -0.002227 -0.001018 0.000145 0.000694 -0.000206 0.000302 -0.000390 0.000353 -0.000926 0.001932 -0.001272 -0.000075 0.001372 -0.001532 -0.000509 -0.000578 0.002883 -0.001258 0.000506 0.000811 -0.002087 -0.000100 0.000532 -0.001684 -0.001787 -0.001364 -0.001772 -0.001330 -0.002810 -0.000974 0.000743 -0.001143 0.001334 0.002965 -0.000481 -0.002655 0.000072 0.001355 0.000857 0.002255 0.000125 -0.000422 -0.000913 0.001839 0.002520 -0.003137 0.001544 -0.000805 0.000552 -0.000495 -0.001746 -0.000419 -0.002853 0.002776 0.002203 -0.000585 -0.000926 0.000323 -0.001863 0.000909 -0.000436 0.001598 0.000902 0.002129 0.002279 -0.002015 0.002252 0.001444 0.002042 -0.001217 -0.002973 -0.001084 -0.000549 0.000899 -0.000987 -0.002479 0.000160 -0.001206 0.000512 0.000131 -0.001956 -0.000129 0.000365 0.000915 -0.001607 0.000802 -0.002046 -0.002303 0.001228 -0.000604 0.002387 0.000946 0.000138 0.000238 0.000884 0.000723 0.000089 0.000263 -0.001147 -0.000944 -0.003042 -0.001278 0.001372 0.000303 0.001479 0.000508 -0.000758 0.002327 0.000763 0.001469 0.001521 -0.000899 -0.001916 -0.000413 -0.001300 0.000416 0.001222 -0.002826 -0.000446 -0.000359 -0.001211 -0.002420 0.000540 0.002923 -0.002244 0.002194 -0.001161 -0.000433 -0.000774 0.001575 0.000714 -0.001005 0.000058 -0.002047 0.000962 -0.000498 0.000426 -0.000540 -0.000118 -0.001452 0.000483 -0.002078 -0.000120 0.002201 0.000211 0.000344 0.000947 0.002094 -0.001966 -0.000945 -0.002150 0.002306 0.002931 0.000992 -0.001030 -0.001641 0.000450 -0.002144 -0.002001 -0.001316 0.001147 -0.001485 -0.001601 -0.002646 -0.002448 0.003219 -0.002382 0.000571 0.000060 0.000004 -0.001356 0.000545 0.000741 -0.000055 -0.000188 0.000144 0.002882
aa 0.087641 -0.109243 -0.209879 0.033708 -0.211388 0.022119 0.056558 -0.139271 0.079701 0.052423 -0.182612 0.033419 0.325537 -0.048181 -0.091698 -0.002159 0.055510 -0.100057 0.011105 0.119887 -0.093904 0.009688 0.086405 0.086681 -0.030510 -0.114108 0.057668 -0.260309 0.059759 0.088089 -0.158557 0.183400 0.095153 0.055313 0.146691 0.082742 -0.135440 0.142165 -0.047013 0.019289 -0.113548 0.042335 -0.058443 -0.047891 0.108911 0.159686 0.012439 -0.048249 0.049150 0.324056 -0.093528 -0.177156 -0.113519 -0.249711 -0.334289 0.006163 0.350846 -0.150751 -0.076865 -0.178251 0.044580 -0.092961 0.250909 0.157246 -0.049860 -0.032778 0.184955 0.185387 0.051583 0.059042 -0.093025 0.094667 -0.160760 -0.026651 -0.181669 0.028275 -0.017584 -0.124941 0.111613 0.008998 0.067357 -0.092940 0.112927 0.373690 0.108673 -0.214678 0.033539 0.079096 -0.014169 0.180251 -0.027496 -0.086291 0.035957 -0.011303 -0.205858 0.215428 0.047140 0.100563 -0.172212 0.038627 0.031734 -0.020681 0.098292 0.106332 -0.054389 -0.216585 -0.169493 -0.166813 -0.181309 -0.118157 -0.082489 0.213553 0.095256 0.071934 -0.164371 -0.096097 -0.158628 0.001399 -0.077067 -0.096172 0.159527 0.070659 0.005746 -0.036568 -0.119992 -0.125104 0.254773 0.077536 0.006868 -0.078992 0.126980 0.141194 -0.049661 -0.257411 0.064788 -0.171897 0.266482 0.084079 -0.031882 0.014895 -0.183532 -0.008226 0.117716 0.149234 -0.267460 -0.030969 -0.338003 -0.085463 0.240111 0.411790 -0.093674 0.050982 -0.182475 -0.160422 0.105944 0.073989 -0.288217 -0.138727 -0.198606 -0.219797 0.224089 0.074790 -0.149753 0.186440 -0.008108 -0.107767 0.044481 -0.054274 0.121260 -0.065279 -0.155902 0.355208 0.291391 0.063199 0.123632 0.114850 -0.113831 0.119999 -0.056525 0.041715 -0.111929 0.064125 -0.210841 -0.145729 -0.035727 -0.163220 0.118543 0.267604 0.034893 -0.114289 -0.088453 0.460010 0.117319 0.025206 0.009557 0.242829 0.100164 -0.253432 -0.118673 0.141263 0.132523 0.086288 -0.073024 -0.078099 -0.339628 0.000829 0.103589 0.012839 0.095444 0.027239 0.189558 0.162901 -0.173069 0.092458 0.155376 -0.327036 0.179728 -0.083053 -0.080487 -0.007802 0.058602 0.226051 0.162234 0.066749 -0.238926 0.044856 0.073916 -0.138538 -0.064773 0.084121 -0.008642 0.088297 -0.090528 -0.019314 -0.145167 -0.024994 0.025213 0.103422 -0.051755 0.198893 0.162415 0.005516 -0.076032 -0.063292 0.066392 -0.013039 0.195714 0.134589 -0.029361 -0.261001 -0.020576 0.226406 -0.151105 -0.055973 -0.061843 -0.146113 0.270128 0.211996 -0.191876 -0.180392 0.117023 -0.314168 0.043593 0.059593 0.188411 -0.161817 -0.267817 -0.063323 0.135632 0.167446 -0.006766 0.148781 -0.114394 -0.416863 0.054398 -0.058665 0.081785 0.361343 -0.078788 -0.110878 -0.257530 -0.019144 0.007235 0.086630 0.130649 -0.262494 -0.091647 0.352100 -0.212156 -0.099530 -0.004312 -0.132068 0.112493 -0.008756 0.137178 -0.256444 -0.079887 0.188132 -0.002480 0.181722
a 0.231637 -0.258404 -0.201679 0.230299 -0.066599 -0.182879 0.019629 -0.237977 -0.018076 -0.023287 0.054454 0.173712 0.193206 -0.027292 0.212842 -0.125123 -0.030028 0.106166 0.070133 0.139121 -0.259909 -0.072271 -0.253949 0.058968 0.034533 -0.137697 0.154115 0.098274 -0.126426 0.040792 0.036765 -0.083727 0.114111 0.247493 -0.108843 0.123724 -0.106726 -0.080192 -0.012369 -0.022382 -0.059292 0.021194 0.181794 -0.004530 -0.029834 0.165929 0.003597 0.049949 0.109662 0.055053 0.112100 -0.007566 0.278170 -0.023307 -0.072249 -0.054252 -0.083933 -0.145217 0.136149 -0.179151 0.085606 0.053764 -0.140213 0.220277 -0.057283 -0.174519 0.139258 -0.136914 0.130574 0.073304 -0.275291 -0.174380 0.001176 0.130696 -0.139535 0.051771 -0.079829 -0.020455 -0.000575 -0.174851 -0.043150 -0.092989 -0.182566 0.085762 0.214616 -0.057316 -0.000328 0.150898 0.047678 -0.103545 0.003663 0.044814 0.012078 -0.167204 -0.078390 0.151511 -0.060694 -0.120169 -0.156520 -0.197487 -0.271903 -0.214786 -0.216085 -0.008013 -0.064575 -0.165325 -0.249343 0.152651 -0.044520 0.035729 -0.165460 -0.019041 0.240599 0.008374 -0.037038 -0.116124 -0.104188 0.007767 -0.051569 0.238381 -0.099054 -0.235510 -0.031846 -0.082760 -0.244483 0.068194 0.073752 0.064988 0.099591 -0.052565 -0.010848 -0.001512 0.070083 -0.189634 0.037148 -0.003431 -0.013876 0.085232 0.082805 0.181912 0.054272 -0.026754 -0.030874 0.127325 -0.025631 0.098462 -0.275965 0.095960 -0.127343 0.134225 -0.199134 0.051628 0.092335 -0.017014 -0.163923 0.067752 -0.067107 -0.027583 -0.057851 0.131698 0.197134 0.086555 0.072755 0.018956 0.093353 -0.051670 -0.122237 -0.073546 0.110990 -0.229101 0.125494 0.010828 -0.129488 0.126821 0.062870 -0.000320 0.083265 -0.050649 0.060379 0.048783 -0.013033 0.273118 -0.205268 -0.094787 -0.014833 0.162599 0.078929 0.190737 0.058598 -0.140166 0.037768 0.084447 -0.085360 -0.161534 -0.131297 0.160032 -0.077456 -0.113000 -0.140019 0.103079 0.223592 0.132946 0.103383 -0.044201 -0.105294 0.070858 0.000740 -0.182308 -0.217929 -0.016277 0.137606 0.379960 -0.025607 0.105487 0.065774 -0.105286 0.146014 0.097299 0.043311 -0.232086 -0.237128 -0.146742 0.001670 -0.140334 0.046083 -0.115348 -0.181852 0.117794 0.145881 -0.042467 0.020238 -0.010997 -0.086410 -0.000320 0.286237 -0.127971 0.114204 0.060605 0.217567 0.121915 -0.133890 -0.003784 0.025958 0.105529 0.084001 -0.067759 -0.087052 0.091209 -0.053917 -0.105258 -0.056622 0.045686 0.064250 -0.212062 -0.041617 0.147368 0.048921 0.028130 -0.150427 0.150864 0.199203 -0.138277 0.102341 0.004586 0.042616 -0.000979 -0.183461 -0.248425 0.105905 0.049945 0.005161 -0.069311 0.124302 -0.191326 -0.159661 -0.026599 0.255041 0.090782 -0.160591 -0.096247 -0.079648 -0.124168 -0.020416 -0.089016 0.052228 0.048909 -0.091287 0.067207 -0.125798 -0.248005 -0.031177 -0.134000 -0.018143 -0.081413 0.040771 -0.150834 -0.067596 -0.044772 0.051045 0.036499
ee -0.002692 -0.114725 -0.069186 0.121301 -0.159735 -0.028299 0.129036 -0.006595 0.018580 0.078788 -0.118522 0.214032 -0.266754 0.391925 -0.207239 -0.074383 -0.334444 0.237479 0.147764 0.132234 -0.290315 0.115718 -0.087636 -0.090409 -0.051807 0.319512 0.246344 0.004382 0.169348 0.345209 -0.184028 0.112525 -0.119250 0.050445 -0.036665 0.106048 -0.049357 -0.379868 -0.146265 -0.211508 -0.200083 0.105214 0.268510 0.004202 -0.256815 -0.358100 -0.001598 0.017603 0.166747 -0.190117 -0.069002 0.394581 0.325222 -0.141250 -0.068792 -0.074733 0.024318 0.152335 -0.135504 0.087958 -0.358263 0.038160 -0.076357 -0.173262 -0.275979 0.402032 -0.074711 -0.004658 -0.340754 -0.076464 -0.379598 0.268519 0.239425 -0.089714 0.000612 0.098521 -0.083408 0.031199 0.150174 -0.143538 -0.185870 -0.205214 0.010890 -0.195664 0.002596 0.163433 0.022604 0.358849 0.250555 0.177037 0.012865 0.031597 0.167516 0.004581 -0.349564 0.132728 0.137307 -0.295912 0.142518 -0.138717 -0.178481 0.202872 0.133154 -0.133566 -0.030743 0.280551 0.017526 -0.176491 -0.006562 0.242730 0.032980 -0.474177 0.041603 -0.092244 0.164248 0.094578 0.395715 0.044351 0.146684 -0.036752 -0.104897 0.016945 0.122176 0.389101 -0.004484 0.459772 -0.418344 -0.101856 0.110725 -0.315310 -0.190772 -0.110242 -0.157483 -0.099801 -0.038891 0.026522 0.431445 0.028728 0.081628 -0.213897 0.220324 0.053026 -0.000128 0.042801 0.392326 -0.048886 -0.141795 -0.060635 -0.302183 -0.269970 0.191871 -0.229227 0.381622 -0.111296 0.247848 0.218437 0.321780 -0.005941 0.069818 -0.035199 0.065333 -0.018761 0.194561 -0.286018 -0.417329 0.155393 -0.037501 0.132187 -0.141469 -0.252405 -0.130420 -0.137056 0.141256 -0.073297 -0.009972 -0.034787 0.323207 0.039939 0.121820 -0.335542 -0.249008 -0.004838 0.247254 -0.390632 0.007849 0.013316 -0.343747 0.071746 -0.086132 -0.183514 -0.259569 -0.058383 -0.114646 -0.068857 -0.094081 0.072161 0.371568 0.286976 -0.094856 0.094939 0.331497 0.066302 -0.142976 0.028345 -0.132424 -0.019947 0.225889 -0.003745 0.058474 -0.174094 -0.000069 -0.217623 0.061324 -0.065458 -0.012913 0.086596 0.141603 0.118982 -0.152636 -0.052283 0.087072 0.049679 0.149906 -0.234435 -0.242874 -0.057447 -0.266725 0.063068 -0.031530 0.008530 0.004604 0.369241 -0.101815 -0.092616 -0.055650 0.181411 0.357029 0.158492 0.329390 0.104989 0.423701 -0.179532 -0.139946 0.245746 0.083009 0.385285 -0.027886 0.075615 0.229516 0.200680 -0.395538 -0.185417 0.248783 0.249337 -0.012724 0.290501 0.055531 -0.121005 -0.005397 0.125646 -0.097366 0.152475 -0.059808 0.146024 -0.147256 -0.223394 -0.058414 -0.007029 0.026909 0.023192 -0.284234 0.273456 0.118898 0.177787 0.159560 -0.070765 0.044990 0.172854 0.109104 0.079688 -0.112575 0.115599 -0.002106 0.015202 -0.099111 0.078351 0.012678 0.034689 -0.121165 0.004955 0.078487 0.274124 -0.029352 0.073304 0.032855 0.164645 -0.265182 -0.100747 0.354626 -0.372214
e -0.010627 -0.010828 -0.013557 0.007392 -0.002807 -0.192666 -0.085384 -0.072086 0.133531 -0.016228 -0.157636 -0.033530 -0.001378 -0.035612 -0.050776 -0.245954 0.180667 -0.166832 -0.001638 0.020561 -0.145195 -0.149030 -0.059480 0.100079 0.050253 -0.044626 0.075958 -0.147394 -0.036432 0.043283 0.163610 0.060572 0.053523 0.259636 0.007449 0.023990 0.080103 0.042085 -0.023723 0.043826 -0.038809 0.006951 0.172363 -0.073190 -0.056181 0.185302 -0.133508 0.085078 -0.054579 -0.151776 -0.113415 -0.106071 -0.053343 0.122756 -0.100262 0.161247 -0.204410 0.057659 0.099532 -0.048265 0.002695 0.054498 -0.032719 0.150249 -0.054690 -0.114245 -0.152662 0.116075 0.005269 -0.004701 0.088300 0.109914 -0.025751 0.040499 0.263039 -0.015969 0.105752 -0.027916 0.025167 0.012857 0.036510 -0.017621 -0.108091 0.121689 -0.042489 0.080074 -0.251485 -0.022981 -0.097921 0.000517 0.032757 -0.052638 0.077653 0.037790 -0.018201 0.033687 -0.070642 -0.017007 -0.025678 0.007401 0.050208 -0.045267 0.058408 0.057348 0.046389 -0.023277 0.144841 0.104296 0.071792 -0.079062 0.022884 0.152856 0.061834 0.190236 0.143154 0.035874 0.122962 -0.073662 -0.140087 -0.069175 -0.160274 0.021712 -0.037978 -0.096466 -0.093129 0.045292 0.141715 0.065885 0.153840 0.013379 0.034732 -0.134780 -0.062735 -0.075602 0.124767 -0.095178 0.115876 0.110721 0.065647 0.156411 -0.067817 0.054646 -0.104201 0.080588 -0.061890 0.120582 0.170594 0.084150 -0.010461 0.042560 0.038116 0.200278 -0.014072 -0.003024 -0.166310 -0.000069 -0.219047 0.120060 -0.101065 0.110627 0.033579 -0.002595 -0.001583 -0.021782 0.110087 -0.066887 -0.077553 -0.229651 -0.193780 0.108000 -0.239058 -0.113846 0.053489 0.068776 0.010129 -0.115947 0.018697 0.050530 -0.160344 0.077688 -0.008716 -0.153175 -0.158151 0.124128 0.007509 0.041945 -0.051816 0.046846 -0.197289 0.055601 0.052061 -0.025162 -0.010660 0.063449 0.000369 -0.098874 -0.010932 0.002564 0.113920 -0.049522 0.069911 0.034016 0.008669 0.106133 -0.069741 -0.016642 -0.083465 -0.119725 -0.074942 -0.131778 0.097237 -0.147252 0.012682 0.134527 -0.021980 0.201839 0.278001 0.003594 0.072294 -0.067085 0.111490 0.030271 0.049087 -0.058247 -0.005955 -0.071256 -0.172158 -0.040499 -0.129934 0.130374 -0.056168 0.075569 -0.159120 0.064293 0.062953 0.016021 0.178306 0.032408 0.003424 0.025598 -0.073284 0.058672 0.073200 0.209011 0.010622 0.015264 -0.100169 -0.083837 0.065051 -0.014782 -0.016874 0.086487 -0.054336 0.092356 -0.259739 -0.086934 0.037551 -0.149051 0.068477 0.080395 0.077619 -0.259208 0.095810 -0.093499 0.070256 -0.017155 0.104086 0.140386 -0.014495 0.082756 -0.052698 0.028093 -0.071636 -0.124916 0.063693 0.111604 0.181484 -0.174456 0.036501 -0.153242 -0.162907 0.215458 -0.029042 -0.065704 0.045540 -0.028670 0.062752 -0.016569 0.070278 -0.034219 -0.117902 0.110822 0.065492 0.086184 0.096287 0.000318 -0.084513 0.067746 0.022882 0.083523
er -0.009213 -0.137732 -0.088728 0.158886 -0.143324 -0.044916 0.162128 -0.015719 0.070261 0.065077 -0.095881 0.218649 -0.348451 0.331665 -0.170482 0.045574 -0.340845 0.252260 0.157512 0.199125 -0.243359 0.154620 -0.139517 -0.159049 -0.058891 0.342977 0.261658 0.014346 0.168279 0.424462 -0.179663 0.081282 -0.138561 0.046171 -0.064036 0.127132 -0.031668 -0.461958 -0.167056 -0.166649 -0.154879 0.096153 0.225599 0.010848 -0.262121 -0.408900 0.004936 0.012687 0.150188 -0.233099 -0.001470 0.448798 0.318325 -0.176910 -0.003994 -0.040902 0.047233 0.101039 -0.112687 0.057010 -0.342002 0.049588 -0.099161 -0.248777 -0.295741 0.433117 -0.085930 -0.085143 -0.417707 -0.118570 -0.447068 0.302868 0.276812 -0.120447 -0.027079 0.108988 -0.091386 0.031754 0.114802 -0.122787 -0.189387 -0.184208 0.021609 -0.271440 -0.021851 0.228898 0.038053 0.358816 0.237087 0.187052 -0.008217 0.009195 0.107875 -0.061969 -0.358013 0.102894 0.169331 -0.329958 0.223671 -0.129994 -0.189754 0.272121 0.137918 -0.141591 -0.036264 0.245162 -0.001813 -0.182247 -0.035117 0.277362 0.019457 -0.505430 -0.010050 -0.096352 0.116318 0.075754 0.332733 0.010159 0.189990 -0.056653 -0.120962 -0.008437 0.112116 0.411548 0.023974 0.459712 -0.464313 -0.166132 0.061834 -0.354263 -0.224625 -0.091621 -0.170490 -0.096752 -0.066188 0.068826 0.372885 0.069479 0.095565 -0.242870 0.212796 0.017149 -0.017808 0.065215 0.442556 -0.070348 -0.144560 -0.063320 -0.287772 -0.319020 0.244770 -0.281768 0.389943 -0.134745 0.304453 0.242968 0.398153 0.008622 0.110267 -0.017067 0.092960 -0.004086 0.213103 -0.368292 -0.469969 0.176937 -0.053224 0.176889 -0.131665 -0.302299 -0.117977 -0.094194 0.094071 -0.080606 -0.003456 -0.055115 0.307937 0.038061 0.145248 -0.359045 -0.285608 0.035791 0.332357 -0.354913 0.039820 0.017071 -0.363707 0.002171 -0.029595 -0.193136 -0.283010 -0.107857 -0.151833 -0.098120 -0.083720 0.102985 0.389240 0.237666 -0.133531 0.084503 0.347785 0.010018 -0.193630 0.079929 -0.048528 -0.077067 0.267140 -0.001258 0.062734 -0.221011 -0.050567 -0.215425 0.138785 -0.090063 -0.021980 0.092248 0.083634 0.144691 -0.175909 -0.031085 0.087275 0.027241 0.070513 -0.200169 -0.241959 -0.088581 -0.254895 0.086313 0.000647 -0.069143 0.020217 0.305066 -0.072793 -0.046246 -0.035669 0.136509 0.406894 0.136828 0.362416 0.080086 0.403230 -0.172825 -0.168603 0.262344 0.065366 0.349350 -0.006702 0.099201 0.261604 0.201269 -0.403380 -0.270965 0.265078 0.261789 0.005098 0.306442 0.037576 -0.149032 -0.020297 0.115673 -0.125003 0.271265 -0.097880 0.134926 -0.143674 -0.255883 -0.054994 -0.058706 0.018970 -0.050191 -0.313969 0.263064 0.179917 0.200354 0.124813 -0.032300 0.035038 0.125960 0.072111 0.139579 -0.087726 0.032608 -0.006379 0.020494 -0.087767 0.035282 -0.040876 0.006533 -0.140635 0.036946 0.114063 0.239602 -0.124712 0.004426 0.039509 0.126475 -0.238290 -0.081848 0.345157 -0.409934
g -0.200274 0.127838 -0.081789 -0.074196 0.020323 0.224553 -0.132944 -0.071456 -0.107053 0.013517 0.076863 -0.171601 0.174411 -0.083128 0.148357 0.101134 0.105494 -0.162264 -0.120927 -0.179435 -0.129086 -0.017985 -0.022144 -0.045829 0.011074 0.013382 -0.182087 -0.225982 0.115468 0.149315 0.298703 -0.104621 -0.262259 0.134548 0.123138 -0.118392 -0.059949 0.073350 0.048312 0.050580 0.311648 -0.029997 0.112538 0.089180 -0.086157 0.209221 -0.031477 -0.136937 -0.282841 -0.014059 0.043260 0.055377 -0.238076 0.008159 -0.128902 0.132324 0.132205 0.082624 -0.015395 -0.147766 0.205689 0.115795 0.105437 0.069356 0.060408 0.162217 -0.021984 0.015213 0.098362 -0.039329 0.086517 0.018722 -0.067020 0.008876 0.237430 -0.057343 0.143352 -0.021265 0.145651 0.151175 -0.149607 -0.037699 -0.111119 0.163952 0.050051 -0.127985 0.114685 -0.147569 -0.138128 -0.070301 -0.164135 -0.024119 0.311696 -0.001361 0.159051 -0.007862 -0.255663 0.100896 -0.153621 0.235687 0.121415 -0.094046 0.151340 0.000437 0.002703 -0.133753 0.272939 0.048209 -0.065190 -0.205864 0.034058 0.095783 -0.013328 0.298530 -0.023849 -0.055711 0.111807 -0.098052 0.205599 -0.043047 -0.100802 0.185654 -0.114755 -0.028737 0.216934 -0.008566 0.148944 -0.094744 -0.053863 0.122317 0.239283 -0.237561 0.069060 -0.162962 0.092750 0.037195 0.004025 -0.011181 -0.041107 0.043363 -0.213963 -0.075180 0.147588 0.166739 -0.073467 0.079408 0.265136 -0.000188 0.017334 0.070145 -0.101931 0.228283 -0.153803 -0.058623 -0.165234 -0.085682 -0.052721 0.065853 -0.090455 -0.153341 0.129653 0.287520 -0.130387 0.100785 0.225186 -0.194163 0.002355 -0.264681 0.102629 -0.023753 -0.303436 0.039390 0.107782 -0.063899 -0.047606 -0.032738 -0.222551 0.060536 -0.243247 0.126303 0.060552 -0.214019 -0.132200 0.020823 -0.274129 -0.180465 -0.001011 0.081721 -0.288470 0.018165 0.098865 -0.237638 -0.219380 0.167790 0.118158 -0.002370 -0.134666 0.017414 -0.132242 -0.010703 0.006571 0.268292 -0.059920 0.020388 -0.213524 -0.190170 -0.312071 -0.114650 0.014447 -0.168079 -0.166757 -0.028253 0.086283 0.140002 0.133943 0.177123 0.135968 -0.325691 0.016654 0.055090 0.099580 -0.092112 -0.105302 0.045369 -0.043266 0.223194 0.199884 -0.311341 0.020700 0.000193 -0.044396 -0.075376 -0.081748 0.099886 -0.037519 -0.069380 0.236421 -0.077975 -0.104521 -0.159200 -0.258060 -0.056703 -0.210798 -0.056184 -0.024746 -0.075304 0.136310 -0.275522 -0.027595 0.176102 -0.046244 0.097469 -0.133005 0.180299 0.153595 0.029221 -0.140944 -0.060248 0.090243 0.085776 -0.028001 -0.112974 0.203762 -0.163392 0.182085 0.116845 0.014745 0.240970 -0.155634 -0.049471 0.309395 -0.031282 -0.012452 0.022401 -0.091363 0.137571 0.052130 -0.155243 0.117256 -0.130742 -0.190483 -0.096386 -0.056259 -0.032100 -0.071145 0.044266 -0.148303 0.134945 -0.059408 -0.058665 -0.066550 0.078771 -0.101372 0.052513 0.244392 -0.222740 0.029712 0.191923 -0.006199 0.340272
en -0.069361 -0.112845 -0.280358 0.041657 -0.066960 -0.052396 0.052799 -0.274233 -0.240332 -0.058142 -0.086483 -0.226803 0.046563 -0.089306 0.006282 0.015760 0.268238 -0.313004 -0.075257 0.221703 0.045804 -0.239462 -0.347493 -0.040472 0.034680 0.041691 0.032932 0.384950 -0.020022 0.079810 0.073332 0.198850 -0.071579 0.069184 -0.101064 0.235383 0.360020 0.038051 -0.195254 -0.253158 -0.013420 0.052295 -0.049240 -0.115043 -0.123777 0.105111 -0.224245 0.026070 0.066737 0.032904 0.115058 -0.024272 -0.051979 -0.004385 -0.050531 0.062893 -0.054813 -0.075170 0.471990 -0.428814 0.258739 0.177841 -0.018275 -0.134553 -0.136276 -0.099587 0.085429 -0.061021 0.096386 -0.107470 0.142226 -0.125607 -0.067791 -0.207869 0.011251 -0.028759 0.190989 0.107472 0.085823 -0.089899 0.162120 -0.122753 0.075828 0.175077 0.128355 0.164897 -0.064056 0.000563 -0.077533 -0.311315 -0.099151 0.104015 -0.062020 0.077251 -0.007680 -0.031159 0.044172 0.054401 -0.146789 0.182018 -0.176880 -0.018374 -0.036619 0.080172 0.129835 -0.071820 -0.012614 0.117072 0.109146 0.082793 0.158177 -0.016616 0.201954 0.127027 0.205943 -0.283226 0.143463 0.105523 -0.117049 0.208384 -0.161991 -0.180563 -0.202090 -0.008790 0.137538 0.206941 -0.152911 0.029433 0.049709 0.098567 0.153909 0.186126 0.016613 -0.055735 0.135816 0.076787 -0.073876 0.087588 -0.076944 -0.153051 -0.114650 -0.165135 -0.156420 0.238293 -0.013733 0.066142 0.207476 -0.056721 0.085645 -0.147531 -0.145694 -0.003260 0.115640 -0.135317 -0.092371 -0.087460 0.087701 -0.078522 -0.188029 0.152043 0.049505 -0.112648 0.213997 -0.288764 0.168729 0.054401 -0.078142 -0.004861 -0.387602 0.160606 -0.251574 0.126465 -0.168704 0.008282 0.062379 0.138229 -0.110938 0.122726 -0.069746 -0.133222 0.198994 -0.088312 0.231031 -0.287637 0.033135 0.233374 -0.362178 0.084795 0.039000 0.007271 0.303128 0.022837 0.062444 0.120782 -0.105707 0.166390 -0.026080 -0.138569 -0.160072 -0.117564 0.124412 0.130446 0.014916 -0.175439 0.191789 -0.050091 0.182035 -0.067044 -0.070350 0.023352 0.094709 0.084522 -0.033668 -0.191887 -0.049971 0.018758 -0.109526 -0.031757 0.310058 0.188853 0.056606 -0.173582 -0.042996 0.116969 0.010768 -0.116525 -0.044500 0.135392 0.184875 0.149431 0.089338 -0.118773 0.200284 0.352405 0.103384 -0.232206 -0.028472 -0.081631 0.094417 -0.213189 -0.077739 -0.091668 -0.020691 0.036536 0.046077 -0.006838 0.213327 -0.031502 -0.064029 -0.083633 -0.159755 0.043688 -0.043554 -0.014469 0.159145 0.353119 -0.139806 0.015031 0.028585 0.082965 -0.149712 0.164426 0.058348 -0.177179 0.083644 0.044729 -0.034687 -0.081944 0.093871 0.085846 -0.015168 -0.155250 0.023568 0.119410 0.207590 -0.017586 0.193801 -0.127580 0.088302 -0.039898 0.065997 -0.020478 0.029704 -0.144011 -0.065415 -0.032357 -0.073204 -0.040488 -0.297948 -0.220737 0.027046 0.055396 0.085363 -0.102605 -0.128264 -0.005744 0.040800 -0.034899 0.229365 0.024396
t 0.051045 -0.016964 0.119589 0.334809 -0.017724 -0.077966 -0.034777 -0.224056 0.005805 -0.015864 0.111059 0.054823 0.082884 0.157960 0.067620 -0.184465 -0.026699 0.028399 -0.061433 -0.166551 -0.058664 -0.004638 0.013096 0.041905 0.054830 -0.038783 -0.010084 -0.154517 -0.080727 -0.052043 0.227607 -0.213446 -0.107453 0.176136 0.006229 0.091069 0.003294 0.126657 0.062739 0.261396 0.051870 -0.016647 -0.033092 0.297748 -0.124265 0.138682 0.018001 -0.011032 0.035062 0.054478 0.218366 0.135950 0.041683 -0.039524 -0.074632 -0.123920 0.073334 0.075650 -0.070968 -0.022832 -0.166356 -0.004928 -0.110091 0.164356 -0.128934 -0.032944 0.012731 0.056658 -0.053302 0.032700 -0.048730 -0.050890 0.154486 -0.089836 0.076506 0.068164 -0.088809 -0.277059 -0.002003 -0.143898 0.007834 -0.016966 -0.025176 0.050782 0.088616 0.023377 0.183115 -0.012828 0.081510 0.006451 -0.187265 0.107679 0.133830 -0.010067 -0.010427 0.171202 -0.198502 -0.139953 -0.063555 0.056694 0.194926 -0.063758 0.156382 -0.091969 -0.026343 -0.077719 0.017998 -0.053823 0.095757 -0.008929 -0.083245 -0.027717 -0.056227 0.136530 0.069896 -0.106110 0.010554 0.056387 0.063684 0.073939 0.036693 0.124613 -0.034251 0.111482 -0.026108 -0.072947 0.284957 -0.007234 -0.077851 -0.010163 -0.328976 -0.172212 -0.009877 -0.046257 0.044984 0.014240 0.009137 -0.114920 0.120674 0.234306 0.090403 0.086407 -0.032861 0.036852 -0.067171 0.227692 0.078030 0.137751 -0.198109 0.109544 0.040901 0.059211 0.131305 0.025713 -0.083189 0.111564 -0.185393 -0.001427 -0.017848 0.159317 0.121073 0.089816 0.064251 0.131418 0.195250 -0.088475 0.066034 -0.210851 0.067795 -0.032705 -0.093581 -0.031635 -0.191616 0.036631 0.075292 0.053755 0.036806 -0.070446 -0.113200 0.284305 -0.201256 0.083321 -0.074426 0.129643 -0.005916 -0.013242 0.068153 -0.182041 -0.140270 -0.078207 -0.002295 -0.247907 -0.081615 0.157836 0.061705 0.030427 -0.072887 -0.117467 -0.090382 -0.074364 0.030003 0.174356 -0.014164 0.067545 0.110447 0.025740 -0.321738 -0.170320 -0.042418 -0.187597 -0.113314 0.192231 0.049341 0.038165 -0.076942 0.114239 0.097374 -0.065087 -0.074306 -0.160266 0.028113 -0.001498 -0.134996 -0.130393 -0.034045 -0.086876 0.026242 -0.141645 0.148218 -0.052572 0.005154 -0.068853 -0.114580 -0.044091 -0.080867 0.170690 0.262954 -0.107518 0.054864 0.055738 -0.269755 -0.025125 -0.001316 0.040606 -0.086115 -0.025848 0.148700 0.026237 0.052528 -0.034874 0.106511 -0.115279 -0.242299 0.009226 -0.045094 -0.071500 -0.032138 0.046869 -0.060780 0.124773 0.146625 0.101914 0.184580 0.108324 -0.082796 0.160653 0.011962 -0.016036 0.061894 -0.121938 0.078699 -0.218337 -0.003174 -0.180333 -0.110753 0.052709 0.083140 -0.015121 -0.177467 0.087176 -0.000370 -0.045931 0.087781 0.068553 -0.107000 0.050486 -0.068876 0.020646 0.055689 0.067724 -0.185897 0.010265 -0.065381 0.144761 -0.045712 -0.179158 -0.063596 -0.017797 -0.231373 0.034347
ing -0.052032 0.127990 0.057696 0.018041 -0.067503 0.027581 -0.031331 0.219988 -0.131970 -0.113886 -0.046536 0.021282 -0.017962 0.049828 0.100003 0.134416 -0.082744 0.022667 0.065804 -0.046351 -0.067221 -0.092422 0.184469 0.049764 0.033593 0.048996 0.218047 -0.010032 0.212097 0.089520 -0.159273 0.101904 0.063989 0.077288 -0.031231 0.092863 -0.037257 -0.005953 -0.105453 0.145849 -0.038868 -0.013260 -0.202218 0.038562 -0.043776 -0.197329 -0.113578 -0.078102 0.039056 0.099241 0.010969 -0.015976 0.103541 0.172019 0.247705 -0.148564 0.144789 0.046273 -0.064957 0.088086 -0.185528 -0.040885 0.036309 -0.003130 0.264956 -0.018600 0.128513 0.123440 -0.078657 0.107531 -0.186787 0.177677 0.045910 -0.159456 -0.037423 0.020734 -0.150884 0.081228 -0.024193 0.060209 0.112522 0.016974 0.111913 -0.174180 0.018418 0.095479 0.069061 -0.103712 0.018925 -0.009365 -0.097952 0.047917 0.013137 -0.072598 0.106791 -0.133205 0.069122 0.073063 0.217486 -0.011331 -0.004987 -0.167024 -0.073471 -0.188041 0.220781 0.156597 -0.023531 -0.105086 -0.130924 0.120651 0.084918 -0.038308 -0.010267 0.036764 0.068556 0.161202 0.003067 0.086626 0.021542 0.071422 0.020466 0.038066 0.096276 0.096682 -0.060643 0.037907 -0.060002 0.045019 -0.048047 -0.103448 -0.077940 0.115999 -0.099498 -0.006890 0.100072 0.075203 0.184894 -0.056832 0.193488 0.095268 -0.021576 -0.016544 -0.019680 -0.051718 -0.069921 0.056890 0.128577 0.007969 -0.118819 0.182676 0.067631 -0.053161 0.010379 0.090248 0.175846 -0.101447 0.147206 -0.063033 -0.015410 0.031776 0.096598 -0.225385 -0.026576 0.024951 -0.124060 0.052531 0.030328 0.139662 0.007913 0.068553 -0.043199 0.021156 0.289355 -0.012234 -0.151298 -0.067553 -0.053566 -0.069661 0.007734 -0.057512 -0.249896 0.082885 0.140879 -0.102127 0.200318 0.074629 -0.002458 -0.023724 0.024818 -0.128465 -0.318496 0.010882 -0.063675 0.008838 0.013517 0.044871 0.059363 -0.131162 -0.100197 0.218233 -0.097927 -0.135548 -0.184689 0.297086 -0.008971 0.110349 0.024831 -0.273385 0.099957 0.054341 -0.143232 0.031345 0.004327 0.162491 -0.039117 -0.021562 0.079834 0.078174 0.012836 0.042692 0.157788 -0.085389 0.011006 -0.268880 0.023255 -0.008176 0.107491 0.047493 -0.136695 -0.014495 -0.083043 0.130505 -0.068224 -0.029724 -0.085482 -0.016294 0.151625 -0.162325 0.098294 0.091772 -0.060573 0.022915 0.130272 -0.016732 -0.000645 0.190453 0.036295 0.051530 -0.082272 -0.132114 0.027370 0.034458 0.008400 -0.039741 -0.035691 -0.012680 -0.048765 0.120875 0.193275 -0.153096 0.016963 0.052197 0.091002 0.148953 0.028195 0.089625 -0.102616 -0.049975 -0.098946 -0.037345 -0.089656 0.035460 0.004534 0.069238 -0.097121 -0.014342 -0.029298 0.112496 -0.021888 0.134949 0.008962 -0.012837 0.005012 0.172007 -0.135198 -0.062874 -0.186619 0.155421 0.037461 -0.061891 -0.244003 -0.135006 -0.043578 0.168257 0.123273 -0.099596 -0.017850 -0.025959 -0.100330 -0.069361
j -0.007293 0.322796 0.267463 -0.158584 0.025621 0.211639 -0.029764 0.372098 -0.147588 -0.211152 0.166445 -0.023420 0.015047 -0.050471 0.143495 0.153600 -0.043512 -0.143910 -0.006674 -0.124230 0.010244 0.111828 0.201414 -0.040944 0.006700 -0.088414 -0.087225 0.053242 -0.010086 0.028214 -0.165622 -0.056554 -0.048663 -0.156170 0.070369 -0.137990 -0.209458 0.202245 -0.008328 0.182350 -0.137688 0.036119 -0.115875 0.134718 -0.004687 -0.120447 -0.118865 -0.087466 0.008400 0.089294 -0.024222 -0.200153 0.005271 0.087961 0.276929 -0.024259 0.107338 -0.032463 -0.182146 0.109795 -0.070633 -0.179626 -0.134325 -0.305479 0.268399 0.059283 -0.000919 0.172386 -0.018648 0.048236 0.323652 0.012705 -0.041401 -0.073984 0.011698 -0.062043 -0.076943 -0.092227 -0.056974 0.174726 0.117670 0.120066 0.018449 -0.110061 -0.065824 -0.161022 0.051273 -0.205673 0.030060 -0.096999 0.252852 0.184563 0.214626 -0.021061 0.239177 -0.136287 -0.131225 0.146336 -0.003762 -0.124700 -0.012218 -0.221075 0.025393 -0.133887 -0.116845 0.078742 -0.051685 -0.156721 -0.027915 -0.275486 -0.110282 0.057754 -0.195593 -0.060064 0.024963 0.121003 -0.138693 0.217361 0.096325 0.219778 0.042912 0.174860 0.152248 0.067955 -0.025512 0.000792 -0.032719 0.148193 -0.008725 0.150719 0.189464 0.087186 -0.052846 -0.076150 0.001820 0.098382 0.111735 -0.192248 0.105538 0.169994 0.137310 -0.089818 -0.049069 -0.150233 -0.151815 -0.110175 0.142308 0.133121 0.054112 0.056327 -0.048431 -0.103607 0.001409 0.055696 -0.067605 -0.212974 0.023507 0.036861 0.157777 -0.132802 -0.177841 -0.020983 0.077279 0.007757 0.065779 0.042579 -0.096913 -0.002573 0.064863 0.034422 0.152778 -0.079481 -0.082524 0.120979 0.060199 -0.185345 -0.079446 -0.023907 0.166252 0.102760 -0.003598 0.021702 -0.105911 -0.076226 -0.097175 -0.003037 -0.044803 0.124693 -0.176545 0.160260 -0.000360 -0.083743 0.066626 0.138280 0.031878 -0.070761 0.022794 0.110726 0.079885 0.055543 -0.107747 -0.185657 -0.101667 -0.041215 -0.006973 0.063330 -0.187191 -0.015925 0.003643 0.053909 -0.049317 0.023664 0.020820 0.021991 0.077887 0.081219 0.106716 0.093218 0.094841 -0.020129 0.097393 0.003050 -0.201300 -0.047080 0.127952 -0.059784 0.111379 0.032092 -0.187223 0.017587 -0.199638 -0.020557 0.062420 -0.073724 0.108409 0.203367 -0.141058 0.145233 0.132475 -0.192615 0.003233 -0.193650 -0.006043 -0.023473 0.081405 -0.066608 -0.202289 0.003941 -0.179217 0.033463 0.135574 0.076772 -0.193918 -0.279203 0.059158 -0.122800 -0.040065 0.269373 0.272762 -0.178089 0.107979 -0.080627 -0.172698 -0.017076 -0.050139 0.138793 0.051885 -0.034219 0.093801 0.084956 -0.012231 -0.091735 -0.075853 0.088294 -0.179486 -0.031558 -0.020158 -0.164482 0.119690 0.117236 0.010008 -0.022048 -0.112878 0.107471 -0.175498 0.262578 0.190118 -0.103881 0.115369 0.260044 0.011816 0.092935 0.073707 0.075748 0.104355 0.041954 0.179368 -0.024561 -0.043530 0.144407
iu 0.089893 0.096985 -0.099488 -0.129246 0.185172 -0.015551 -0.087280 0.230645 -0.102408 -0.044420 -0.156156 -0.058910 -0.080354 -0.151738 0.054185 0.056656 -0.075749 -0.006471 -0.069451 0.104040 0.081120 0.269818 -0.008157 -0.115889 0.030634 -0.009769 0.040550 0.231750 0.044662 0.143946 -0.184119 0.016362 -0.017134 -0.183589 -0.090333 -0.117514 0.066470 -0.138431 0.091805 -0.150689 0.048671 0.159281 0.037866 -0.054317 0.046855 -0.061777 -0.056601 0.059195 -0.101847 -0.008226 -0.097744 0.041474 -0.014019 0.185557 0.179453 0.135463 -0.056921 -0.025411 0.140809 0.164965 0.072533 -0.035061 -0.026741 0.044228 0.162311 0.195536 -0.167117 0.045917 -0.068991 -0.016251 0.089988 -0.147668 0.056563 0.005147 0.183084 -0.012306 0.030150 0.070678 -0.062529 0.075598 0.128803 0.025657 -0.058366 -0.015184 -0.103686 -0.273820 -0.104060 -0.017161 0.066868 -0.265534 0.039978 -0.007999 0.019552 -0.009012 0.055988 -0.097876 -0.074422 0.087646 0.141730 -0.117957 -0.008939 0.030837 0.081227 -0.095002 0.034504 0.242132 -0.101982 -0.096448 0.068127 -0.073678 -0.105740 -0.159316 -0.108339 -0.038466 -0.083626 -0.061510 0.001434 0.093310 0.079713 -0.200589 0.049041 0.012344 0.147257 -0.079888 0.064613 0.158320 -0.144558 0.192214 -0.195042 0.117139 0.050180 0.084015 0.079812 0.138664 -0.176875 0.138176 -0.160084 0.019351 -0.024181 -0.311247 0.045965 -0.223570 0.082344 0.006614 0.178023 -0.083330 -0.017430 -0.165714 -0.092987 0.065850 -0.126487 -0.016250 -0.115157 -0.027605 0.091368 0.094308 0.094682 0.071207 0.130655 -0.038998 0.007774 -0.152335 -0.063720 -0.023667 -0.039613 0.093271 0.099642 0.160036 -0.009542 0.138010 0.289754 -0.092575 0.127553 -0.200757 -0.153770 0.090686 0.024051 -0.024791 -0.012141 -0.024030 -0.128463 0.015279 0.117804 0.116474 -0.077872 -0.066374 -0.136518 -0.168856 -0.148711 0.047505 -0.034210 0.016904 -0.046468 -0.096729 -0.168570 -0.033714 -0.097772 0.035731 0.135612 0.020546 0.115206 -0.190660 0.176020 -0.033413 0.011767 -0.171735 0.074560 0.057127 -0.022590 -0.013866 -0.231193 -0.232558 0.285650 0.036131 0.184698 0.164302 -0.286248 -0.053719 0.143640 0.223019 -0.179427 -0.063889 0.283761 0.065989 0.153383 0.061384 -0.141683 0.086073 -0.128321 0.114294 0.015502 -0.042523 0.037022 0.007203 -0.033053 -0.146035 -0.030343 0.024217 0.093699 0.056090 0.224592 -0.191389 0.004318 0.050962 0.094103 -0.041364 -0.059742 0.012029 -0.091394 0.124054 -0.008323 0.098878 -0.030510 0.006741 -0.059077 0.036321 -0.021629 -0.152101 0.047117 -0.068202 0.029522 -0.165270 -0.132507 -0.041872 -0.070449 0.037276 -0.022601 0.165322 -0.279377 -0.169673 -0.295093 0.186600 -0.037365 0.137872 0.038933 0.135902 -0.154640 -0.168637 0.128702 -0.061833 -0.067615 -0.058403 -0.234176 0.207646 0.040350 0.042979 0.208847 -0.164092 0.003235 0.212035 0.215859 0.000024 0.082242 0.024285 0.063939 0.308049 0.009867 0.030028 0.216257 0.129310
k 0.028849 0.150930 -0.044071 0.213714 0.095950 -0.293489 -0.105160 -0.035863 0.057763 0.116317 -0.181405 0.197980 0.132224 0.051906 -0.081598 -0.187039 0.247323 -0.213088 -0.118892 -0.078079 -0.046319 -0.309647 -0.026905 0.034020 0.007058 -0.233034 -0.165470 -0.142361 -0.157522 0.013627 0.312857 0.151774 0.192048 0.146103 0.135060 0.198596 0.177680 0.368532 0.129762 0.041288 0.033203 -0.019006 -0.053521 -0.145194 -0.078299 0.111200 -0.233965 0.090377 -0.069901 -0.038798 -0.060365 -0.173748 -0.072491 0.245987 -0.229138 -0.078016 -0.188094 -0.199556 0.241891 0.058270 0.000281 0.059982 0.264799 0.191837 -0.084991 -0.389863 -0.098906 -0.010166 -0.135448 0.135889 0.205155 -0.115968 0.029522 0.062601 0.160032 0.094856 0.211451 -0.282207 -0.136091 0.228930 0.057696 -0.016681 -0.170230 0.173881 0.074829 -0.002448 -0.154333 0.014122 0.007952 -0.154076 -0.013738 0.152215 -0.028879 0.036929 0.027295 0.063745 0.133441 0.108655 -0.030712 0.044178 -0.018389 -0.011315 -0.069063 0.307814 0.004176 0.028775 0.213652 0.073609 0.091723 -0.206759 0.063248 0.058522 0.051944 0.087120 0.242587 -0.253991 0.114799 0.069318 -0.251370 -0.066873 0.085727 0.140128 0.019950 0.148770 -0.082003 -0.134246 0.274372 -0.092189 0.351422 0.162474 -0.039097 0.084565 0.088933 -0.141087 0.086289 -0.012551 0.105989 0.236000 0.019899 0.404292 -0.469687 0.064130 -0.077114 0.198857 -0.313009 0.101024 0.233245 0.250773 -0.011310 -0.055958 0.044734 0.142909 -0.050733 0.000407 -0.182846 -0.045240 0.047304 0.023069 0.058798 0.302052 -0.225879 -0.096193 -0.165925 0.173272 0.146270 -0.130764 0.103148 -0.146201 -0.186632 0.194692 -0.107507 -0.173169 -0.039929 0.208158 -0.039047 -0.049812 0.100773 0.073011 -0.323133 0.205983 -0.047948 -0.263934 0.064683 0.135826 -0.107586 -0.003345 0.058749 0.024855 -0.271255 -0.149206 0.034636 -0.071767 -0.124560 0.030673 0.055349 -0.154591 -0.108378 0.091069 0.188168 0.110716 -0.107473 0.112596 0.127387 0.059498 -0.214480 -0.065494 -0.188599 0.136974 -0.020036 -0.017195 -0.035832 0.148643 -0.064926 0.100740 0.072487 0.101393 0.223907 0.040371 0.311641 0.162012 0.040114 0.160894 0.144447 0.166218 0.017737 -0.195703 -0.270499 -0.101835 0.073376 -0.023773 -0.312069 -0.086659 -0.003806 0.097393 0.169271 0.093242 -0.081765 -0.160339 -0.063458 -0.216253 -0.205773 -0.077799 -0.032837 0.138193 -0.033315 -0.112344 0.147553 -0.170465 0.290256 -0.100295 -0.021388 -0.131212 -0.272060 -0.065147 -0.061636 -0.191289 -0.153972 -0.261321 0.121309 0.270011 0.117082 -0.153947 -0.022847 0.127144 -0.027336 0.167951 0.088956 0.268838 -0.281848 -0.070640 -0.069241 -0.047283 -0.074630 -0.054799 -0.074380 0.252654 0.197975 -0.005226 0.146964 -0.146483 -0.065252 0.433098 -0.027353 -0.111664 -0.090579 -0.018852 -0.049060 -0.202234 0.002753 0.075340 -0.074793 0.074843 0.200633 -0.113606 -0.029735 0.143876 -0.054841 0.100254 -0.195186 0.142433
l -0.030175 0.067735 -0.054602 0.133619 0.053858 -0.116018 -0.097345 0.160435 0.043157 0.011883 -0.148895 -0.001867 -0.059547 0.066150 0.164496 -0.045198 -0.100063 0.158464 0.058891 0.062502 -0.177149 0.067434 0.220359 0.019211 0.043167 0.030524 0.303957 -0.056061 0.129116 0.077746 -0.150361 -0.043006 0.058431 0.071820 0.025420 0.115514 -0.079765 0.022120 0.000422 0.072523 -0.117144 0.082258 -0.033949 0.057503 -0.018342 -0.144492 0.043570 -0.077934 0.068467 0.027935 -0.171193 0.161472 0.124862 0.210697 0.128144 0.009086 0.098205 0.081374 -0.212028 0.117243 -0.078864 0.015799 -0.097802 -0.010622 0.121841 0.224352 -0.125398 0.113067 -0.137126 0.060905 -0.021830 0.204917 0.185858 -0.075791 0.147222 0.065130 -0.128997 -0.011297 0.165868 -0.050767 0.056981 -0.040924 -0.136638 -0.008433 -0.091334 -0.114390 -0.054394 0.051597 0.004224 0.023956 0.010063 -0.009831 -0.072261 0.005018 -0.057494 0.100968 -0.081712 0.052191 0.186970 -0.198301 0.017269 -0.059643 0.134956 0.044256 0.032402 0.198349 -0.087484 0.005403 -0.067701 -0.028571 -0.141562 -0.036784 -0.123567 0.087531 0.258680 -0.043852 0.017622 -0.200714 0.031220 -0.103605 -0.046754 0.004315 0.064058 0.088219 0.049489 0.145376 -0.099394 -0.040371 -0.040173 -0.047647 -0.069279 0.013445 -0.020071 -0.078773 0.174634 0.068115 0.207754 0.070536 0.172520 0.056313 0.035252 -0.019742 0.018499 -0.161990 -0.041670 -0.070641 0.020657 0.035419 -0.204088 0.094146 0.122287 -0.002658 0.056204 -0.005836 0.059221 -0.005127 0.038360 0.071730 0.093384 -0.011630 0.077113 -0.154463 0.006548 0.031565 -0.175230 0.057084 0.058540 0.047034 -0.108849 -0.142613 -0.004530 -0.122300 0.367246 -0.000681 -0.151368 -0.065475 0.143861 0.019068 -0.014874 0.047099 -0.217702 -0.095112 0.000591 0.054939 0.020160 0.047390 0.016939 -0.062922 -0.090189 -0.041183 -0.216852 -0.015378 -0.007003 0.030299 0.112390 -0.027112 0.024969 -0.058486 -0.041306 0.034445 0.049767 -0.078938 -0.044659 0.155422 -0.029522 -0.018233 -0.012972 -0.132307 0.024730 -0.064623 -0.005098 -0.076935 0.034290 0.315613 0.129590 -0.023683 -0.002413 0.150500 0.000227 0.076355 0.149602 0.055694 0.078364 -0.120416 0.075762 0.063918 -0.195093 -0.101506 -0.103621 -0.055292 -0.008830 0.126492 -0.021685 -0.156989 -0.010635 0.123418 0.016510 -0.094478 0.165316 0.019141 -0.071958 -0.116885 0.011844 0.213273 -0.041551 0.139989 -0.075473 0.102670 0.129915 0.140399 -0.090317 -0.061947 0.007054 0.000164 -0.190404 0.055880 0.057171 -0.009086 0.086170 -0.088146 -0.006309 -0.188850 -0.046282 0.059168 0.024364 0.078148 -0.004968 0.149484 -0.301216 -0.090796 -0.227501 0.065772 -0.094142 -0.108139 -0.040195 -0.026916 -0.112196 -0.069887 -0.039706 0.007498 -0.123960 -0.009311 -0.173088 0.143153 -0.100448 0.073048 0.048472 0.094069 0.089088 0.164864 -0.181805 -0.060508 0.091075 0.207455 -0.027445 0.026673 -0.046967 0.036087 -0.071941 -0.036877
b 0.016809 -0.229636 -0.163650 0.168601 -0.066713 0.048998 0.196379 -0.300659 -0.098366 -0.106924 0.042371 0.138591 0.228615 -0.050031 0.167258 -0.011083 -0.051606 0.069139 -0.100035 0.164014 -0.024516 -0.131703 -0.298236 -0.236179 0.181549 -0.153870 -0.047612 0.098507 0.008885 0.037703 -0.129938 -0.074546 0.090643 0.130905 0.105397 0.065573 -0.029999 0.171653 -0.074880 -0.118681 -0.057736 -0.037067 -0.209071 0.115332 0.013916 -0.010123 -0.037299 0.025249 0.089224 0.243233 0.139436 0.145178 0.078445 0.098406 0.023747 0.029491 0.180387 -0.009138 0.028952 -0.343660 0.088638 -0.055397 0.060017 -0.016659 -0.072248 0.033948 0.208888 0.141191 -0.036409 -0.041149 0.032413 -0.189347 0.180471 -0.311910 -0.061956 0.068537 0.155406 -0.068546 0.085284 -0.168404 0.108368 -0.027923 0.126215 0.058916 0.090064 -0.099804 0.030140 0.013799 0.198811 -0.043685 -0.102176 0.070869 0.069067 0.038633 -0.049441 0.131044 -0.023340 -0.204506 -0.235692 -0.038508 -0.196498 -0.125017 -0.067116 0.046775 0.000258 0.143375 -0.188106 -0.017199 0.167791 0.022343 0.005327 0.036152 0.190719 -0.120109 0.126189 -0.029850 0.066512 0.313881 -0.097492 0.240310 -0.087884 -0.077691 -0.194220 0.052003 0.014378 -0.070614 0.028372 -0.031139 -0.076455 0.286020 0.062664 -0.029033 0.093390 -0.125309 0.057483 0.106573 0.154478 0.019568 -0.043860 0.130322 0.120926 -0.097988 -0.090073 0.029081 -0.114124 0.025170 -0.140851 0.148278 -0.171487 -0.004281 0.000037 -0.132750 0.183367 0.003022 -0.079278 -0.106792 0.001710 0.054406 0.006411 0.063778 0.132584 -0.101464 0.246814 0.088004 -0.081425 0.066961 -0.125425 0.100977 -0.119719 0.019394 0.153588 -0.229874 -0.109264 -0.064282 0.034463 0.125202 0.171456 -0.181120 -0.003800 0.145619 -0.070134 0.019737 0.089889 -0.199466 0.048204 0.033445 -0.068241 -0.057874 -0.207626 -0.206924 0.040798 -0.091748 0.030642 -0.077176 -0.049152 0.208261 0.005441 -0.206057 -0.064826 0.088554 0.246027 0.181894 0.106253 -0.156761 -0.189615 0.101192 0.034563 -0.152823 -0.060756 0.015512 -0.092353 0.438131 -0.062459 -0.092526 -0.150886 -0.255523 0.058121 -0.107901 0.128915 0.116076 -0.008213 -0.015556 0.037346 -0.025462 -0.049466 -0.182260 0.021468 0.149113 0.226361 -0.147611 0.068566 -0.043301 0.045502 0.101496 0.071367 -0.170888 -0.054349 -0.053546 0.156027 -0.123361 -0.204235 -0.053779 -0.136509 -0.025820 -0.079531 -0.094752 0.063745 0.142550 -0.040397 0.005822 -0.064154 0.043640 -0.036483 -0.045543 0.231552 0.143661 0.128783 0.081742 -0.168459 0.111382 0.144165 0.129671 0.166844 0.069692 0.157253 0.179416 0.084194 -0.008418 0.135566 -0.268228 0.096470 -0.121684 0.059284 0.127830 -0.174487 -0.026718 0.036766 0.024034 -0.015149 -0.067575 0.092921 -0.158082 -0.105697 0.056011 0.009520 0.049202 0.051406 -0.168932 -0.138210 -0.100555 -0.176109 -0.068179 0.077105 0.109633 0.127991 0.002263 -0.038780 0.044126 0.019501 -0.179125
o -0.156733 -0.342154 -0.017642 0.039239 0.158335 -0.098666 0.081702 -0.452517 0.022680 0.063020 0.149059 0.116404 0.227086 0.095972 0.169214 -0.246730 -0.119020 0.286458 -0.124842 0.064420 -0.157804 -0.106897 -0.030673 -0.267879 0.306256 -0.120511 -0.095978 0.135215 -0.097593 -0.221871 -0.206919 0.028600 0.069554 0.283797 -0.126116 -0.160603 0.010535 -0.100425 -0.045143 -0.272243 0.186254 -0.313354 -0.177603 0.065249 -0.058466 0.081763 0.102384 0.343085 -0.076434 0.146943 -0.104207 0.131373 0.212281 0.168264 0.107651 0.004237 0.020144 0.239083 -0.090929 0.059524 -0.096920 -0.074262 0.145228 0.181726 0.015283 -0.099897 0.517646 0.094617 0.043205 0.146332 0.124004 -0.024766 0.203487 0.032659 -0.082859 0.107669 0.103327 0.221012 -0.047113 -0.199495 0.016625 -0.103932 0.435597 0.013724 0.141557 0.198323 0.265158 0.062063 0.258315 0.055672 -0.187425 -0.208213 0.001160 -0.147319 0.344951 0.156556 0.282676 -0.168550 -0.196733 -0.006592 -0.152125 -0.029747 -0.191297 -0.236650 0.104945 0.129353 0.017632 0.113736 0.039645 0.354562 0.123935 -0.132123 0.444686 -0.122094 0.161606 0.305697 0.254654 0.155284 -0.004249 -0.178230 -0.153971 0.035988 0.028745 -0.273282 -0.165637 0.005708 0.187978 -0.199184 0.178287 0.087373 -0.255394 -0.350799 -0.041599 0.175157 0.271609 0.141713 0.161444 -0.129929 -0.102026 0.007466 0.028178 0.325095 -0.024588 0.098589 -0.046808 0.040636 -0.156332 0.292031 0.040902 -0.119962 0.070355 0.191462 0.108754 0.132405 -0.287460 0.020332 -0.096467 0.012514 -0.042515 -0.031681 -0.014388 -0.101325 0.201090 0.078487 -0.038061 -0.215628 -0.031959 0.057915 0.050559 0.074244 0.065606 -0.072058 -0.050460 -0.069175 0.124680 -0.013055 0.122594 -0.147280 -0.018105 -0.120881 0.299947 0.284412 0.169068 -0.076033 0.263967 0.055274 -0.065973 0.100283 -0.284373 -0.327266 -0.262386 -0.107803 -0.123239 0.036284 -0.165067 0.036387 0.035597 0.073791 0.093337 0.286796 0.258603 0.325245 0.168734 0.122298 -0.283622 0.233534 -0.302419 -0.291887 0.035672 -0.319371 -0.217698 0.116167 -0.211653 -0.194941 -0.291824 -0.005150 0.363884 -0.301680 -0.097123 0.069003 -0.322951 0.363141 0.324492 -0.290635 -0.054478 0.107413 -0.077269 -0.025099 0.125937 -0.170706 -0.029051 0.082522 -0.359963 -0.023627 -0.162748 -0.013555 -0.158614 -0.059075 -0.113970 0.281719 -0.229816 0.325419 -0.259316 -0.111188 0.062962 0.041524 -0.010120 0.073034 0.194698 0.048187 -0.276254 0.240213 0.340518 0.227706 0.039358 0.022281 0.182223 -0.103486 -0.367056 0.302602 -0.030707 0.168469 0.172778 0.352488 0.004848 0.201656 0.197112 0.042025 0.246216 -0.192888 0.200993 -0.080639 -0.074792 -0.001471 -0.420554 -0.117097 -0.140619 0.400251 0.373954 -0.264814 0.007035 0.000997 0.124177 -0.040648 -0.208821 0.084990 0.103347 0.000558 -0.022607 -0.302252 -0.217427 -0.228540 -0.129264 0.081808 0.301242 -0.055532 0.013350 0.049783 -0.337696 -0.121403
sh -0.250929 0.309350 0.079233 0.119112 -0.013972 -0.145928 0.136533 -0.161118 0.136311 -0.123125 -0.102369 -0.142947 0.052650 0.185996 -0.082952 -0.189793 0.112819 0.033157 -0.093982 0.356230 -0.018226 0.072897 -0.047848 -0.118771 -0.225624 -0.000763 -0.031818 0.051913 0.158880 0.140458 0.136782 -0.067475 -0.013960 -0.135629 0.082606 0.025447 0.200217 0.019233 -0.061925 -0.110206 0.084807 -0.143344 -0.060990 -0.029642 -0.112154 -0.024931 -0.100773 -0.028770 -0.088515 -0.332961 0.024132 -0.015927 0.301554 -0.097676 -0.040869 -0.002738 -0.263621 -0.016691 0.059805 -0.022157 0.086242 0.132375 0.087338 0.065335 -0.248629 -0.032053 0.048313 -0.003051 -0.017255 0.013759 0.094066 0.026851 0.035685 -0.240977 0.117701 -0.111915 0.026235 0.085775 0.139109 0.070547 -0.109908 0.117630 0.058982 -0.207603 -0.056201 0.120302 -0.130690 -0.028354 0.159517 -0.083651 0.026121 -0.004418 0.005935 -0.023110 0.086954 0.033027 0.200586 -0.066651 -0.139996 0.089030 -0.055677 0.265718 -0.116817 -0.109965 -0.141763 0.025962 -0.218490 0.021488 0.183058 0.019817 -0.090938 -0.022090 0.039887 -0.048875 0.274384 0.192668 0.198772 0.120292 0.068628 -0.067859 0.085463 -0.071996 -0.165574 0.230154 0.019374 0.167904 -0.184661 0.000000 0.070453 -0.061861 0.032424 0.100016 -0.025039 0.096560 0.028948 0.066642 0.086833 0.047043 0.114726 -0.214171 0.011884 0.128972 -0.063944 0.116785 0.046687 -0.030302 -0.030074 0.124238 -0.001743 -0.154759 0.102850 0.072783 0.247913 0.193764 -0.039725 0.121807 0.056001 -0.168074 -0.027511 0.080861 0.027396 0.025711 0.184064 -0.284116 0.070320 0.078222 -0.085575 0.021065 0.039638 -0.043395 0.081669 -0.052445 -0.284295 0.039352 0.001538 0.041609 0.023085 -0.047467 -0.026521 0.021469 0.004210 -0.028072 0.019936 -0.190356 -0.129073 -0.084078 -0.317662 0.141530 -0.088190 -0.061380 0.202445 -0.115594 0.094869 0.245331 -0.044300 -0.021330 0.037214 0.073640 0.085374 0.059829 0.071458 0.096634 -0.103407 -0.012678 -0.052097 0.144978 -0.044855 0.238705 0.040509 -0.040467 -0.071267 -0.106706 0.174659 -0.266469 -0.095717 0.092548 -0.021999 0.007052 -0.137964 0.226956 -0.032367 0.063489 0.073872 0.020528 0.014840 -0.033895 -0.090335 0.002701 0.103346 0.232695 -0.051734 0.003426 0.307709 0.052537 -0.067109 0.217027 -0.007274 0.211634 -0.116776 0.109940 -0.078314 -0.125077 -0.138146 0.051351 -0.108031 -0.012266 0.080786 -0.140346 -0.034227 0.147711 -0.025501 -0.189838 0.020076 0.059696 0.129867 0.040302 0.005911 -0.078408 0.002513 0.201958 -0.093799 0.146922 0.125438 0.161135 -0.030715 0.078781 0.123110 0.005760 -0.001181 -0.018523 -0.078028 0.064069 0.082746 0.098105 0.113147 0.087971 -0.091349 -0.232961 0.338978 0.116571 0.096380 0.134735 0.231745 -0.290814 -0.112985 0.022117 0.092424 0.020676 -0.113228 0.037034 -0.074495 0.112089 0.171810 0.029705 0.006026 0.248653 -0.060821 -0.005405 0.129180 -0.065985
u -0.058902 -0.089994 -0.172769 0.126994 0.063785 -0.014556 -0.115319 -0.228493 0.095881 0.046435 0.069894 -0.200319 0.024804 0.025235 0.241000 -0.102710 0.129839 0.016655 -0.027721 0.120278 0.049021 -0.091444 -0.194609 -0.093405 0.050680 -0.024593 -0.061006 0.109022 -0.007967 -0.195063 0.141804 -0.175613 0.072945 0.172581 0.022030 0.004594 0.117135 0.106110 0.092812 -0.017368 -0.018621 -0.028529 -0.009498 0.025533 -0.089129 0.148261 0.104654 0.009023 -0.021294 -0.134316 0.091248 0.061186 0.027365 0.056300 -0.025841 0.112409 -0.064501 0.023329 0.016405 -0.138878 0.158553 0.010278 -0.130070 0.069894 0.022847 0.013226 -0.115344 -0.055526 0.062099 -0.031012 0.203661 -0.056567 0.096902 -0.170276 -0.026626 0.035572 0.050551 -0.035857 0.143435 -0.089474 -0.115925 0.006884 -0.088276 0.060010 0.041613 0.013321 -0.078809 -0.080752 -0.016668 -0.031764 -0.140100 -0.045135 -0.096484 0.065849 0.051670 0.066831 0.001841 -0.075566 -0.152593 0.116815 -0.027403 0.049875 -0.024885 0.072688 0.022904 -0.000790 0.047898 0.235257 0.152076 0.110664 0.015868 0.052526 0.036656 0.037035 0.067880 -0.107072 -0.046935 0.000513 -0.071297 0.072454 -0.097027 -0.198136 -0.203099 -0.161664 0.069407 -0.070058 0.034502 0.016277 0.042787 0.106596 -0.084310 -0.069156 0.141699 0.103894 0.173620 0.068428 -0.147739 0.143028 -0.053204 -0.065671 -0.071944 -0.016912 -0.029733 -0.090398 -0.044306 0.032970 0.001788 0.120729 -0.046789 -0.080723 0.065750 0.060172 -0.013244 0.077228 0.005049 -0.028861 -0.153743 0.094693 0.027849 0.110846 -0.030473 -0.013921 0.098249 -0.102953 0.072059 -0.031676 -0.199039 -0.009118 -0.107471 -0.023153 0.017930 -0.099466 -0.079136 -0.008627 0.047265 -0.039153 -0.041300 -0.045623 -0.072186 0.093708 0.104250 -0.033883 -0.011040 0.006144 0.083448 0.083690 -0.043756 -0.080188 0.067221 -0.044283 0.180412 -0.083844 0.051823 0.053059 0.050764 0.071430 -0.024259 -0.161681 -0.068006 -0.122412 0.129710 0.097661 0.201976 -0.053804 0.224508 0.005004 0.024631 -0.062296 -0.061965 -0.020741 -0.026600 0.122642 -0.001092 -0.091522 -0.122436 -0.128251 -0.180066 -0.016406 0.054875 0.033033 -0.018078 -0.155120 0.015729 0.004417 0.056832 0.044655 -0.041005 -0.080713 0.271203 -0.110153 0.133063 -0.135241 0.093310 0.134208 0.062515 -0.038743 -0.040156 -0.134539 -0.004229 -0.115485 -0.268744 0.084143 0.006481 -0.136833 -0.108434 -0.080560 -0.004644 -0.014122 0.024198 0.020852 0.045714 -0.089622 0.024986 0.071175 0.027948 0.032104 0.048664 -0.035900 -0.092742 0.171936 -0.135247 0.157678 0.085433 0.015663 0.106642 0.040802 -0.015283 0.048676 -0.086645 -0.131079 0.034432 -0.171456 0.096865 0.027468 0.049730 -0.068531 0.003265 -0.147819 -0.142220 0.041615 0.120867 -0.118986 0.033266 -0.088372 0.065748 -0.036534 0.027452 0.022558 0.033184 -0.116211 -0.096020 -0.054081 -0.036982 0.083383 -0.120883 0.033703 0.128881 -0.019753 -0.102217 -0.091846
z 0.203421 -0.059681 0.137189 -0.048880 0.074251 -0.054832 0.220418 -0.055865 -0.157637 -0.008668 -0.032625 -0.035305 -0.058129 0.188531 -0.202534 -0.061427 -0.009920 -0.031189 -0.063381 0.062597 -0.060895 0.031920 0.016780 0.103883 -0.045928 -0.120763 -0.180055 -0.170120 -0.116691 -0.085744 0.229102 0.004347 -0.302824 -0.012638 -0.000904 0.060638 0.130687 0.156256 -0.027419 -0.004174 0.032788 -0.004271 -0.046580 0.067789 -0.098661 0.150047 0.158041 -0.190638 -0.022299 -0.093308 -0.067264 0.086407 -0.139354 -0.241648 -0.226279 -0.208993 0.150760 0.242927 -0.054482 -0.059728 0.158686 -0.088035 -0.071373 -0.130596 -0.037158 -0.004485 -0.371102 -0.098726 0.011532 -0.138670 0.048314 -0.062021 -0.080150 0.038539 0.001551 -0.014519 -0.007697 -0.095442 0.116655 0.046397 -0.112350 0.068869 -0.029976 0.061330 0.173719 -0.010146 0.165803 0.275010 -0.057105 0.068283 0.038851 -0.018201 0.180234 0.066115 -0.157919 0.059869 -0.243689 -0.035043 -0.121664 0.248412 -0.009486 0.105097 0.110073 0.062570 0.043775 -0.037875 0.100132 0.027482 0.135140 -0.174135 0.261313 -0.073630 0.052154 0.162555 0.111730 -0.001271 0.005782 -0.237763 0.004588 0.024137 0.036109 -0.009593 -0.049519 -0.058683 0.109998 0.174283 0.073129 -0.016125 -0.061667 -0.123097 0.206746 -0.116174 0.004498 0.163129 -0.217281 -0.088211 -0.188167 -0.102557 0.034524 0.051004 0.057893 0.167891 0.148393 -0.115123 0.026661 -0.134464 -0.078448 0.074407 0.087464 -0.219301 -0.118870 0.156564 0.162485 -0.024699 0.013817 0.072624 -0.145152 0.016963 0.152284 -0.037701 0.089097 0.427197 -0.271955 -0.014250 0.090579 0.053985 -0.013545 -0.028550 0.034717 -0.057027 -0.073768 0.019374 -0.123622 -0.094663 0.028157 0.242289 -0.029338 0.014921 0.013715 0.038467 -0.142016 -0.110191 -0.110975 0.060821 0.093085 -0.149161 0.075681 -0.106411 0.075762 0.068525 0.196666 -0.096864 0.108093 0.157198 0.175862 -0.117390 -0.086885 0.233346 -0.141032 -0.329868 -0.078724 0.221833 -0.110576 -0.194035 0.131453 -0.084259 -0.054639 0.123614 -0.053056 -0.000970 0.130711 0.203887 -0.201201 -0.089851 -0.055987 0.028539 -0.110870 -0.353211 -0.021575 -0.005865 0.054699 0.088276 -0.057106 0.015703 0.073396 0.120621 0.057840 -0.206358 -0.000794 0.136464 -0.050347 0.099963 -0.187818 -0.060503 0.018695 0.030620 0.058261 0.028037 0.123487 -0.214749 -0.029214 0.150564 -0.004936 0.182615 0.026577 0.078739 0.102372 -0.114863 0.206455 0.052244 -0.159248 -0.053468 -0.042872 -0.051597 0.215767 0.114184 -0.175654 0.129645 -0.114104 0.040380 0.015346 0.194506 0.049847 -0.226614 -0.089641 -0.053614 0.052125 -0.041368 0.124272 0.092887 -0.163499 -0.053176 0.025484 -0.016227 -0.033729 -0.184580 0.032906 0.012418 -0.042456 0.072406 -0.144463 0.100835 -0.034248 0.022354 0.021539 0.058570 -0.100208 0.081239 0.249391 -0.049696 0.131044 0.151196 -0.141302 -0.001917 -0.092974 -0.032797 0.005243 -0.057463 -0.186184 0.105866
iy 0.406781 -0.056383 0.173568 -0.064897 -0.012871 -0.152991 0.227793 -0.014061 -0.260493 0.192529 -0.043948 0.005467 -0.228459 0.133178 -0.265429 0.212179 -0.230511 -0.056816 -0.128492 0.100861 0.003987 0.100321 -0.025843 -0.001533 -0.029738 -0.088040 -0.167652 -0.155764 -0.263526 -0.040381 0.002074 -0.001624 -0.140744 -0.047218 -0.057057 -0.122548 -0.121958 0.182245 -0.031499 0.254394 -0.094526 -0.076392 -0.105432 -0.088750 -0.075185 0.012122 0.125809 -0.162212 -0.104855 -0.166841 0.070519 -0.022076 -0.027156 -0.281013 -0.097939 -0.129338 0.278704 0.240350 -0.115555 -0.022502 0.172402 -0.088488 0.133096 -0.274120 0.096831 0.096011 -0.401561 0.043933 -0.020166 -0.086500 0.176965 0.055617 0.067110 0.073751 0.106029 0.194675 0.019387 0.041297 0.031887 0.120916 -0.087142 0.127980 -0.041986 0.030168 0.211503 -0.017738 0.249641 0.133978 0.027157 0.232364 0.113840 0.113795 0.253501 -0.071511 -0.279550 0.165231 -0.095567 -0.098415 -0.045288 0.146168 -0.077599 0.229630 0.135668 -0.017890 -0.127061 -0.178358 0.279636 -0.065166 -0.038767 -0.067364 0.347722 -0.200135 -0.013261 0.172581 -0.071042 -0.048838 -0.020931 -0.090193 -0.060832 -0.020494 0.140073 0.051442 -0.051875 0.065335 0.049270 0.133903 0.081381 -0.108405 -0.042277 -0.159716 0.160676 -0.124557 -0.065243 0.170562 -0.335260 0.029247 -0.033922 0.109250 -0.030208 0.086990 -0.061917 -0.020285 0.086484 0.070565 0.181697 -0.155098 -0.085296 -0.026056 0.069084 -0.390819 -0.183192 -0.043712 0.153450 -0.158287 0.169315 -0.030680 0.079911 0.323687 0.194117 -0.088144 -0.017611 0.490516 -0.160229 -0.287429 0.084395 0.216079 -0.043987 -0.054948 -0.004805 -0.038189 -0.176190 -0.009070 -0.055223 0.181022 -0.198646 0.118244 0.140368 0.039281 0.039572 -0.152563 -0.093975 -0.044480 -0.057426 0.137244 0.109270 -0.294886 0.038776 0.004249 0.151171 0.045847 0.217446 -0.291154 -0.126551 0.087715 -0.027032 -0.150683 0.082897 0.202202 -0.088185 -0.141790 0.012420 0.132681 -0.014121 -0.086711 0.200979 -0.290592 0.077565 0.329812 -0.012473 0.060182 0.013174 0.102166 -0.285802 -0.316531 -0.077575 -0.096219 -0.050523 -0.201496 -0.078002 -0.235422 0.129372 0.180028 -0.015362 0.133806 0.168497 0.089817 -0.054283 -0.233521 0.066938 -0.083655 0.236921 -0.052861 -0.125474 0.145358 0.023452 0.013048 0.297843 0.299555 0.080573 -0.298377 0.005141 0.115976 0.054779 0.241737 0.080869 0.072980 -0.058000 -0.223248 0.221321 -0.071206 -0.151616 -0.005557 0.046833 -0.253377 0.191731 0.238991 -0.219065 0.092129 -0.237187 0.125138 -0.122996 0.171308 -0.043153 0.053638 0.129258 -0.359181 0.040805 -0.015930 -0.046394 0.123746 -0.213260 -0.110500 0.104888 0.143856 -0.080529 -0.201513 0.177726 -0.058097 -0.062237 -0.051874 -0.204154 0.103415 -0.138540 -0.112473 -0.007846 0.176690 -0.217706 -0.149713 0.345421 -0.213033 0.179515 0.290276 -0.206064 -0.069859 -0.077430 -0.006707 -0.006440 0.091118 -0.247785 0.171384
f -0.087791 0.049978 -0.248012 0.092389 -0.066693 -0.110104 0.034870 -0.158585 -0.094522 -0.202050 -0.076677 -0.131677 0.327153 0.159494 0.187108 -0.057544 0.198373 0.016406 -0.044142 0.258239 -0.206832 -0.261885 -0.095508 0.060450 -0.033167 0.057855 0.065396 0.201403 0.080558 -0.094936 0.125100 -0.034832 0.112446 0.102669 -0.014585 0.068117 0.020101 0.198377 0.008344 0.008886 -0.080649 -0.119181 0.056364 -0.119798 -0.192976 0.232259 -0.131129 -0.079369 -0.033951 0.011109 0.133169 -0.142965 0.185531 -0.032083 -0.140285 -0.087438 -0.184341 -0.258401 0.150167 -0.262253 0.250762 0.095458 0.021298 0.249318 -0.111835 -0.292526 0.022994 0.011320 0.189516 0.122879 -0.015347 -0.128472 -0.087322 -0.002513 -0.282343 -0.100148 -0.053790 0.111966 0.328153 -0.092986 -0.159002 0.062314 -0.112436 0.066623 0.276484 0.010191 -0.101902 0.068368 -0.045089 -0.194475 -0.001057 -0.029397 0.129848 -0.134951 0.069137 0.227135 0.087013 0.027443 -0.286008 0.050898 -0.169333 -0.087163 -0.291114 0.093363 -0.031701 -0.201824 -0.256998 0.139497 0.125507 0.022074 -0.105156 -0.002201 0.205457 0.038058 0.268114 -0.172770 -0.076215 0.154941 -0.066668 0.231549 -0.198605 -0.231594 -0.142024 -0.016538 -0.179561 0.044145 -0.043707 0.120459 0.090709 -0.036237 0.277364 0.243348 0.270802 -0.202629 0.094921 0.076754 0.036071 0.110469 0.112955 -0.031228 -0.154631 -0.071245 -0.077530 0.172247 -0.124821 -0.006728 -0.081951 0.079899 -0.046139 0.079307 -0.092964 0.120765 0.043250 0.182577 0.063068 -0.048671 -0.083153 -0.283517 0.043377 0.131472 0.126138 0.063171 0.071350 -0.097506 0.088191 -0.046510 -0.209240 0.026105 0.117178 -0.075510 0.154279 0.182787 -0.141544 0.155264 0.087119 0.036031 -0.038611 0.020547 -0.124863 0.226413 0.213851 0.115430 -0.053937 -0.261237 0.030476 0.231946 -0.111429 0.311435 0.098817 -0.193364 0.077183 0.195626 -0.060473 0.046089 0.028905 0.156021 0.043372 -0.162621 -0.320303 0.085351 0.053257 0.141356 0.150988 -0.101234 -0.006366 0.210979 0.102617 0.013791 -0.088938 0.127837 0.128408 0.343944 -0.063668 -0.064511 -0.018208 -0.114211 -0.137196 0.068187 0.127789 -0.031967 -0.171114 -0.146313 0.094145 -0.015028 0.177913 0.035082 -0.052854 0.178830 0.297301 0.049956 -0.004340 -0.179220 0.191336 0.087171 0.194210 -0.144470 -0.102663 -0.063623 0.165038 -0.004592 -0.182624 0.009047 0.001414 -0.050320 -0.021483 -0.051797 0.063149 -0.032768 -0.141993 -0.148205 -0.012860 -0.042929 -0.084080 -0.132225 0.128236 0.097169 -0.043586 0.141570 -0.069777 0.207544 -0.048709 -0.061709 0.245052 0.142928 0.252383 0.025650 -0.243987 -0.121831 -0.142511 0.080707 0.114679 -0.083971 0.192288 -0.018063 0.027150 0.069782 0.062273 -0.004909 0.019601 0.042073 0.125092 -0.010139 0.104590 -0.158620 -0.018667 0.079416 -0.225216 0.174672 -0.178943 -0.332754 -0.057494 -0.100420 0.244803 -0.026361 0.048988 0.002141 0.042811 -0.164422 0.130557 -0.037650
m -0.045610 -0.072563 -0.049497 0.000814 0.206938 -0.094325 0.088364 -0.252858 -0.297815 -0.170272 0.190556 -0.051749 0.159702 0.067978 0.178836 0.073319 0.060077 0.106569 -0.008538 0.035659 -0.278669 -0.147525 -0.145111 -0.208258 0.277638 -0.034348 0.141948 0.428448 0.033550 -0.114024 -0.113426 0.132816 0.079024 0.243984 -0.325612 -0.003446 0.100370 0.048679 -0.150447 -0.095426 0.184216 -0.056723 -0.239923 0.115112 0.006259 0.047065 -0.006635 0.129101 -0.001761 0.272819 0.041815 0.062454 0.227813 0.135408 0.181912 -0.058900 0.052180 0.141755 0.138116 -0.073022 0.083633 -0.039083 0.024085 0.102044 0.118112 -0.118426 0.212853 0.097186 0.290241 0.174068 0.073408 -0.020958 0.118722 0.076944 -0.016256 -0.015388 0.079105 0.121090 0.125352 -0.229124 0.210378 0.018022 0.297862 0.078985 0.193511 -0.034954 0.290764 0.040975 0.070005 -0.224730 -0.163992 0.007139 0.010455 -0.180506 0.354554 0.186088 0.022378 -0.183799 -0.045841 0.053818 -0.037529 -0.203405 -0.034810 -0.164586 0.314549 -0.057780 -0.101569 0.055348 -0.034306 0.179075 0.113194 -0.150101 0.183337 -0.002941 0.077235 -0.102020 0.089389 0.113845 -0.062276 -0.114271 -0.238887 -0.007191 0.028362 -0.182159 -0.048704 0.113566 0.075710 0.070947 -0.137980 0.131740 0.048798 -0.207455 0.071366 0.100015 0.106759 0.079504 -0.069909 -0.198973 0.062764 0.045174 -0.141653 -0.079277 -0.111769 0.068441 -0.038160 0.169429 0.064933 0.015129 -0.018234 0.102431 -0.013436 0.102607 0.070891 0.003695 -0.187573 -0.026146 -0.099863 -0.051986 0.079512 0.233226 0.174992 -0.160723 0.025695 0.084226 0.119812 -0.161990 0.093458 0.001046 -0.100456 0.368482 -0.033700 0.000511 -0.021420 -0.107197 0.019054 0.115668 -0.025756 -0.075440 -0.076780 0.002405 0.151635 0.262839 0.073665 0.003635 0.253140 0.271183 -0.182829 -0.040344 0.010312 -0.146135 -0.158812 0.018173 0.003179 -0.052497 -0.126274 -0.004228 -0.109481 -0.083833 -0.034169 0.148177 0.145196 0.189794 0.143806 0.016038 0.098685 -0.001992 -0.006616 -0.301852 -0.119738 -0.274228 -0.168519 0.186582 -0.162478 0.092554 -0.093066 0.186143 -0.033238 -0.300627 0.055443 0.030549 -0.089894 -0.064345 0.275778 -0.167062 0.116410 0.187477 0.028320 0.033637 -0.114110 -0.160424 0.038178 0.030400 -0.180590 0.089120 -0.003774 -0.309087 -0.037551 -0.166045 0.087379 0.103938 -0.255054 0.221672 0.001692 -0.130072 0.158507 0.082264 -0.053707 0.119112 0.035899 -0.101916 -0.229498 0.299304 0.106411 0.059194 0.067088 0.219609 -0.089387 0.057863 -0.214473 0.068752 -0.126382 0.121405 0.247808 0.161330 0.130673 0.047319 0.030095 -0.034851 0.080355 -0.171260 0.013775 -0.196382 -0.085500 0.091677 -0.254869 -0.019336 -0.078532 0.107957 0.110682 -0.023020 0.073139 -0.100669 -0.020382 0.093796 -0.261167 0.151866 0.069165 -0.031675 -0.052858 -0.127259 -0.001052 -0.268937 -0.002583 0.007949 0.161719 -0.057562 0.056593 -0.096966 -0.068367 -0.063173
p -0.053309 0.030501 0.019411 0.020475 -0.043732 -0.121770 0.010568 -0.209966 -0.044745 -0.126388 0.032351 -0.073576 0.259191 0.082217 0.179546 -0.128429 0.045625 -0.068891 -0.164169 0.178608 -0.102479 -0.058502 0.199792 -0.162328 0.036843 -0.371179 -0.203391 -0.117082 0.194690 -0.150671 -0.180104 0.072532 0.057572 0.168284 0.007611 -0.115905 -0.007267 0.185639 0.022880 0.007154 0.212853 -0.233069 -0.499023 0.237415 0.022692 -0.019080 -0.021566 0.049057 -0.055909 0.158387 -0.045758 -0.178045 0.098239 0.094354 0.081737 -0.148672 0.151114 0.126779 -0.123696 -0.017370 -0.059608 -0.260746 0.297639 0.154157 0.208147 -0.173216 0.365527 0.263991 0.063735 0.253479 0.231422 0.036608 -0.009825 -0.190797 -0.060668 0.143762 -0.130826 0.106105 0.046427 -0.050771 0.051857 -0.017301 0.486334 0.112930 0.041655 -0.051706 0.095875 -0.055567 0.239744 0.044263 -0.171074 -0.187094 -0.020125 0.002157 0.119989 0.173116 0.193896 0.011901 -0.112870 0.126006 0.042037 -0.191655 -0.101017 -0.195124 0.075423 0.004271 -0.032611 -0.060229 -0.105946 0.233679 0.209396 0.123884 0.220245 0.055209 0.024138 0.254274 0.113624 0.173127 -0.064937 -0.012689 0.161475 0.179183 -0.085574 -0.268292 -0.270718 -0.159799 0.231115 0.050321 0.140571 -0.010966 -0.007310 0.039883 -0.013211 0.103517 0.084333 -0.122916 0.114623 -0.086499 -0.019764 0.021249 -0.183407 0.177974 0.037154 -0.064022 -0.321382 -0.036443 -0.187064 0.145285 0.049631 0.282103 0.033218 0.191833 -0.134663 0.267916 0.085333 -0.086486 -0.388143 -0.072993 -0.165706 -0.097970 -0.020409 -0.043467 -0.104366 0.177225 0.160816 -0.107182 -0.124244 0.236742 0.167079 0.154569 -0.015516 -0.009550 0.073786 -0.045621 -0.051839 0.063303 -0.117443 -0.035374 -0.024523 0.190830 -0.214163 0.239324 -0.063465 -0.292618 0.350753 -0.092912 -0.001148 0.079849 -0.056438 -0.096442 -0.240347 0.059547 0.121589 0.075500 -0.099537 0.065489 0.159983 -0.200676 -0.099496 0.103938 -0.062194 0.219476 -0.123730 0.101742 -0.175982 0.165081 -0.176830 -0.172955 0.125196 -0.086857 -0.288659 0.224485 0.012285 -0.057444 -0.283976 -0.215208 0.213086 -0.363781 -0.043969 0.139375 0.048134 0.122684 0.264005 -0.091661 -0.078303 0.088391 0.183383 -0.311886 0.031171 -0.053155 -0.211790 0.043734 -0.176974 0.002596 -0.289676 0.016575 0.057409 -0.077902 -0.037905 0.144753 -0.242187 0.330592 -0.034437 -0.239887 0.017675 0.073446 0.172310 -0.040217 -0.092242 -0.214062 -0.045862 0.288548 -0.004689 -0.037075 -0.019017 -0.268644 0.013972 0.386903 -0.204620 0.042335 0.015317 0.269203 0.180020 0.367612 0.171047 0.180160 0.002116 0.057795 0.174297 -0.233714 -0.037100 -0.183360 -0.106604 -0.068345 -0.240152 -0.040838 -0.103518 0.350716 0.246796 -0.017494 -0.082266 -0.057987 0.215931 0.134967 -0.101517 0.000187 -0.000145 0.311087 0.026793 -0.261847 -0.361619 -0.226422 0.010138 0.188767 0.212006 -0.152740 0.092073 0.081036 -0.443059 0.102354
uu -0.358671 -0.021906 -0.126005 0.059932 0.124956 0.122880 -0.284843 0.119386 0.054037 0.168571 0.208785 0.174539 -0.003852 0.156466 0.108827 0.060427 0.024354 0.326009 0.060417 -0.374808 0.108390 -0.162144 0.112397 0.067577 -0.040271 0.157118 -0.015849 0.066538 -0.069493 -0.258475 0.228792 -0.215610 0.057104 -0.118334 0.019969 0.143516 0.078585 -0.031242 0.115798 -0.163120 0.146198 0.022290 0.143888 -0.009858 0.066818 -0.182640 0.242573 -0.013180 0.139749 0.208270 -0.217971 0.268859 0.059505 0.189774 -0.120996 -0.269551 -0.011513 -0.166653 0.037059 0.300518 -0.024351 0.172477 0.129868 0.040145 -0.014388 0.015137 0.079290 -0.310848 -0.066272 0.041416 -0.172362 -0.164090 0.094623 0.256243 -0.358711 0.069938 -0.086938 -0.004835 -0.085245 -0.044428 -0.179716 -0.219119 -0.133178 0.048621 -0.001811 0.224006 0.229931 0.046632 -0.032456 -0.003778 -0.189060 0.171196 -0.284885 0.003489 0.058830 -0.133400 0.121608 0.065054 -0.051103 0.035842 0.096954 0.002964 -0.032206 0.180633 0.151153 0.103588 0.067728 0.229115 -0.069449 0.075720 -0.034980 -0.144250 0.156874 -0.112901 0.113435 -0.176667 -0.003770 -0.347517 0.237245 -0.053670 0.079111 -0.018059 -0.026687 -0.091603 0.190995 -0.281695 -0.091544 -0.283317 0.036964 -0.006066 -0.099838 0.068171 0.327066 0.061943 0.065767 0.168553 -0.074131 -0.117953 -0.158282 -0.063862 -0.215042 0.203863 0.198377 -0.073690 0.089196 -0.046483 0.163549 -0.011489 -0.119454 -0.289600 0.100660 0.065449 -0.049438 0.138874 -0.083349 -0.127839 0.287325 -0.244577 0.111523 0.054970 -0.170401 -0.103160 -0.160651 0.169277 -0.106828 0.003163 0.197688 0.058903 0.177272 -0.179370 0.139398 0.002178 0.215521 -0.018072 0.020593 -0.036381 0.138382 0.008180 -0.092675 -0.009977 0.284750 -0.283222 0.273353 0.115917 -0.196153 -0.100631 0.410384 -0.013369 0.087301 -0.143601 0.043635 -0.082599 -0.114410 -0.073539 0.235723 -0.086168 -0.226648 0.196585 -0.000123 -0.164511 -0.267756 0.056811 0.194724 -0.040631 0.106164 0.035519 -0.109967 0.180077 0.043181 0.145072 0.039556 0.031279 -0.175693 0.130029 0.038512 -0.068422 -0.237589 0.050650 0.094223 0.208840 -0.081324 -0.067661 -0.151829 0.028417 0.116884 0.124619 -0.081825 -0.168956 0.325565 -0.198764 -0.008053 0.017555 0.150042 -0.069778 -0.116538 0.129793 -0.433865 -0.383732 -0.397074 -0.150090 -0.236964 -0.005877 -0.010848 -0.174287 -0.228026 -0.009255 0.068157 -0.070789 0.204310 0.106945 0.025366 -0.346722 0.300423 0.204260 0.106883 0.070195 -0.087715 -0.216821 0.130555 -0.049033 -0.334843 0.248620 0.018623 -0.070253 -0.274456 0.284109 0.108750 0.127216 -0.407412 -0.094123 0.295907 -0.001681 0.023593 0.098376 -0.138764 -0.027868 -0.287081 0.205297 0.176387 -0.046552 0.294318 0.079245 0.017702 -0.150708 -0.013445 -0.040125 -0.140803 -0.122469 -0.084621 -0.075464 -0.011208 -0.104248 -0.260763 0.007822 -0.272273 0.133150 0.050698 -0.201973 -0.235051 -0.093256
un -0.011451 -0.099425 0.058480 0.190048 0.044711 -0.329718 -0.089273 -0.047003 0.034367 -0.011339 -0.079177 0.113986 -0.201550 -0.039448 -0.007904 0.003913 0.073492 0.222379 -0.085893 -0.163353 0.158719 -0.213478 0.276767 0.075579 0.113276 0.075345 0.200139 -0.125064 -0.259078 -0.247791 -0.055746 -0.289043 0.259450 -0.019492 0.021615 0.152570 -0.010722 0.240870 0.025509 0.227560 -0.214937 -0.076982 -0.063665 0.044972 0.242802 -0.153037 0.150544 -0.135348 0.171826 0.223216 -0.054054 0.097950 -0.031961 0.195058 -0.088169 -0.005849 -0.249147 -0.022546 -0.087582 0.008297 -0.184467 0.114868 0.008891 0.077136 -0.065555 -0.122104 -0.033041 0.186148 -0.117824 -0.004583 0.059457 -0.005617 0.336375 0.140556 -0.025688 0.241208 -0.047634 -0.137047 0.018867 -0.237667 0.096710 -0.106982 0.071914 0.087866 -0.133228 0.378332 0.014954 -0.042400 -0.159194 0.245418 -0.027770 0.032073 -0.418209 -0.024926 -0.211317 0.168257 -0.056454 -0.124690 0.168322 -0.225059 0.305058 0.185572 0.232249 0.208445 -0.130915 -0.124117 -0.029865 -0.087821 0.002549 -0.022127 -0.053643 0.058645 -0.083283 0.077767 0.296809 -0.279513 -0.097975 -0.272345 -0.143904 -0.169033 0.055137 0.105897 -0.120708 -0.070515 -0.109796 -0.323389 0.207255 -0.121571 -0.214037 -0.056915 -0.044894 0.158076 0.242259 -0.228229 -0.041371 -0.103569 0.220388 -0.031137 0.127423 0.114958 0.043670 0.138626 -0.080886 -0.213018 -0.027514 -0.059774 0.156294 -0.088425 -0.157028 -0.056911 0.279919 -0.067068 0.048616 0.191655 -0.192810 -0.133076 -0.120884 -0.078850 0.142226 0.180585 0.061828 -0.170551 0.065196 -0.079398 -0.032089 0.080611 0.158252 -0.119390 -0.111548 -0.044775 0.021448 -0.036956 0.056671 0.145690 0.189088 -0.025079 0.396924 0.192897 -0.070830 0.275219 0.069759 -0.263947 0.191025 0.401572 0.207221 0.030034 0.342085 -0.125558 0.033106 0.103075 -0.029400 -0.162207 0.095050 0.088956 0.362814 -0.195101 -0.082474 -0.118951 0.135365 -0.416713 -0.454151 -0.179607 0.106122 0.095262 0.343844 0.122579 -0.076178 0.128928 0.117131 0.138687 0.078317 0.064055 -0.197468 0.158299 -0.276371 -0.184875 -0.076570 0.210453 -0.015487 -0.228960 0.277449 0.244274 -0.275553 0.206884 0.187346 -0.231289 -0.077194 -0.036647 0.149617 -0.166575 0.216799 -0.170410 0.089006 -0.097533 -0.116349 0.136819 -0.075875 -0.209245 -0.335144 -0.104851 -0.286782 0.152934 0.286951 0.234543 -0.337279 0.017362 0.004195 0.159445 0.191608 0.051490 0.130143 -0.168020 -0.081683 -0.027726 -0.376235 -0.191028 -0.076419 0.040008 -0.170453 -0.278218 -0.163206 -0.015218 -0.053753 0.144680 -0.022847 0.082549 0.277241 -0.014365 -0.160646 -0.107426 0.205447 -0.131825 -0.146211 -0.161921 -0.131642 0.006318 -0.034003 -0.123338 -0.036988 -0.075147 0.039550 0.114700 0.004231 0.064787 0.139942 0.005148 -0.022889 -0.373287 -0.011259 0.063652 -0.108944 -0.013911 -0.020320 0.068252 -0.142279 -0.011538 -0.084039 -0.190420 -0.313801 -0.158184
ii 0.006583 0.125912 0.003510 -0.040944 0.185927 0.026343 -0.087330 0.312535 -0.086613 -0.250103 -0.131869 -0.026343 -0.009503 0.141010 0.046201 0.002160 0.086904 -0.194966 -0.040318 0.066176 0.084640 0.040440 0.070141 0.073915 0.075280 0.097157 0.135367 0.119543 0.011828 0.035034 -0.139281 -0.156993 0.065171 -0.166635 -0.030582 -0.200659 0.097700 0.123634 0.010031 0.196152 -0.128355 0.218019 0.066210 0.000940 -0.178107 0.028997 -0.173428 0.019537 -0.187613 0.123377 -0.169323 -0.013128 -0.064074 0.198368 0.252720 -0.005537 0.071593 -0.069263 0.112046 0.378401 -0.061503 -0.222898 -0.183677 0.054243 0.281068 0.098195 -0.331934 0.232352 -0.194231 -0.027385 0.203083 -0.053750 0.032408 -0.157762 0.143532 -0.065651 -0.049525 -0.039574 0.007561 -0.031039 0.203901 0.217749 -0.042193 -0.064876 -0.063387 -0.035404 -0.156615 -0.061371 0.043054 -0.146169 -0.063474 0.084629 0.287661 -0.079055 0.150397 -0.079952 -0.087036 0.125222 -0.051284 0.065714 0.205668 -0.088788 0.085153 -0.342343 0.254257 0.285486 -0.134113 -0.168543 0.212935 -0.010651 -0.035838 -0.162732 0.025872 0.015722 0.016802 0.088703 -0.057289 0.268898 0.135180 -0.083356 0.083149 0.009860 0.263177 -0.023823 0.077629 -0.003533 0.019820 0.361281 -0.214605 0.113700 -0.038036 0.178977 0.176972 0.184428 -0.220828 0.274674 -0.093014 -0.169276 0.020945 -0.265830 0.078159 -0.106119 0.070646 0.097225 0.156753 0.028113 0.149597 0.005246 -0.047274 0.120648 -0.059494 0.164536 -0.114805 0.075690 0.279295 0.099264 0.005372 -0.032593 0.086374 -0.067406 -0.011499 -0.181620 -0.130569 -0.146349 -0.141814 0.142062 0.023145 0.066485 0.059306 0.276428 0.345592 -0.021644 0.118743 -0.125858 0.024698 -0.085554 -0.076649 -0.282652 -0.128312 0.028760 -0.287959 0.027970 0.257748 0.216860 0.051806 -0.181127 -0.024760 -0.087711 -0.247976 -0.078406 0.045772 0.053632 -0.002259 0.146416 -0.056442 -0.024425 -0.142166 -0.019980 0.060108 0.006184 0.189513 -0.245510 0.230337 0.062350 0.192224 -0.008116 -0.035184 -0.122278 -0.040499 0.114713 -0.246642 -0.296793 0.243643 -0.103158 -0.056076 0.189816 -0.245486 -0.020683 0.105510 0.213212 -0.150626 -0.084994 0.268708 -0.210194 0.277152 -0.026469 -0.140222 0.100899 -0.046603 0.195508 0.107302 0.014078 -0.086139 0.158787 -0.246940 -0.065563 0.017687 0.006274 0.031638 0.043002 0.179721 -0.152322 0.106932 0.037455 0.045636 -0.054679 -0.111726 0.041184 -0.062240 0.019284 0.182782 0.022991 -0.263435 0.047392 -0.012392 -0.103596 0.176541 -0.122048 0.108818 -0.190927 0.018472 -0.001974 0.104469 -0.040331 -0.165665 0.195910 0.072877 0.161091 -0.374171 -0.010217 -0.410296 0.240861 0.068210 0.133511 -0.124200 0.108877 -0.124452 -0.073587 0.135746 0.102230 0.007178 0.097194 -0.178079 0.283784 -0.042281 -0.070209 0.066626 -0.116141 0.202568 0.204443 0.102234 0.076088 -0.062105 0.328671 0.175936 0.320452 -0.010324 -0.121878 0.016212 0.177289
ia -0.076772 0.226517 0.195286 -0.127436 0.113376 0.105125 -0.013340 0.261788 -0.062680 -0.145138 0.143425 -0.026122 0.095016 -0.103177 0.174429 0.053410 0.026705 -0.156639 -0.064142 -0.183668 -0.042882 0.002603 0.114214 0.011352 -0.011144 -0.030960 -0.057794 -0.035264 -0.084269 0.014817 0.017112 -0.032344 -0.093580 -0.017015 0.088408 -0.034293 -0.129869 0.123204 -0.018322 0.061802 -0.060488 -0.025627 -0.063420 -0.013947 -0.059402 0.072874 -0.149768 -0.036168 -0.066663 -0.015271 -0.090403 -0.212563 -0.062580 0.141702 0.146983 -0.026649 -0.012656 -0.043321 -0.135075 0.072002 0.074952 -0.043848 -0.114137 -0.172519 0.176014 -0.116960 0.022667 -0.037531 0.008343 0.047891 0.227477 -0.061439 -0.111049 0.114341 -0.034057 -0.135390 -0.000811 -0.041735 -0.050136 0.265159 0.023901 0.062131 -0.120234 -0.119541 0.076530 0.008025 0.030871 -0.147420 -0.110397 -0.140713 0.286860 0.105481 0.186086 -0.078791 0.289674 -0.233154 -0.092861 0.223388 -0.009078 -0.065744 -0.089124 -0.174104 -0.128877 -0.042025 -0.105667 -0.009968 0.014994 -0.015951 0.000423 -0.289957 -0.127906 0.132483 -0.046355 0.056775 0.145221 0.098956 -0.099788 0.079129 0.058694 0.167309 -0.044601 0.096864 0.215251 -0.027617 -0.029425 0.121293 0.018118 0.018967 0.132989 0.071924 0.159074 0.026286 -0.062956 -0.096202 0.165895 0.132531 0.044795 -0.068995 0.070356 0.242634 0.054965 0.020113 -0.014958 -0.080228 -0.226725 -0.107282 0.141808 0.241051 0.114584 -0.013570 -0.058836 0.078646 -0.078594 0.066989 -0.244610 -0.232117 0.094441 -0.011608 0.179445 -0.132107 -0.109101 0.068394 0.056443 0.023963 0.066400 -0.083910 -0.071830 -0.112844 0.091952 -0.037342 0.085006 0.022340 -0.061059 0.128815 0.070106 -0.160822 -0.062521 0.014059 0.087961 0.011702 0.143194 -0.067004 -0.103827 -0.021202 -0.149616 0.083582 0.036188 0.219799 -0.217837 0.045214 0.007228 -0.082100 -0.011142 0.195580 0.097738 -0.136839 -0.071359 0.142971 0.025276 0.172653 -0.124140 -0.113578 -0.117817 0.043841 -0.149114 0.136304 -0.296100 -0.080676 -0.035659 0.032076 0.094036 0.016780 -0.080943 0.070599 0.088169 0.155043 0.217394 0.116874 0.161337 -0.003490 -0.054269 0.098679 -0.296145 -0.014150 0.138489 -0.049948 0.060199 0.077301 -0.104239 0.042433 -0.260892 -0.044146 -0.026703 -0.093284 0.244140 0.174032 -0.198048 0.004140 0.074309 -0.191181 -0.144981 -0.094453 -0.106143 0.046777 0.067161 -0.103126 -0.152858 -0.080332 -0.043163 0.051494 0.085057 0.002264 -0.089410 -0.211360 0.076530 -0.074661 -0.059872 0.040037 0.312776 -0.047961 0.134060 -0.265799 -0.127815 -0.088161 -0.075410 0.174000 0.026685 -0.032839 0.027467 0.188363 0.156693 -0.019409 -0.017330 0.036407 -0.213559 -0.021484 0.036130 -0.141163 0.125657 0.007770 -0.037898 0.033844 -0.075186 -0.024949 -0.164151 0.196025 0.073786 -0.018667 0.083476 0.120986 -0.037360 0.035474 0.016914 -0.054403 0.179337 -0.044761 0.137637 0.015013 -0.067366 0.198732
vv 0.099762 0.086091 -0.042562 -0.286863 -0.139353 0.425619 -0.234688 0.122257 0.129405 0.404361 -0.166330 0.038390 0.061633 -0.004907 -0.261977 -0.109974 -0.329210 0.246065 0.178185 -0.235360 0.284640 0.261583 0.023955 0.064822 -0.067827 0.006968 -0.114571 0.025922 0.030638 -0.115158 -0.206115 0.408194 -0.039647 -0.162419 0.054140 -0.008287 -0.001649 -0.208693 0.251542 -0.241588 -0.152793 0.070607 0.441306 -0.126153 0.088897 -0.022499 0.176994 0.047752 0.274341 -0.051525 0.028804 0.065057 -0.056776 -0.239472 -0.162845 0.107007 0.059582 0.030807 -0.084864 -0.006255 -0.125477 0.096808 0.215191 0.058939 -0.028114 0.254971 -0.009086 0.171285 0.193334 -0.078257 -0.189870 -0.015812 -0.090613 -0.080459 -0.115982 -0.093132 -0.049441 -0.034890 -0.050806 -0.097062 -0.119543 -0.190473 -0.038162 0.319088 -0.085599 -0.567457 0.027565 -0.103164 0.088768 -0.022289 -0.016047 0.054370 0.087524 0.195955 -0.161475 -0.088224 -0.038904 0.049867 -0.022491 -0.073233 -0.008949 -0.060994 0.190323 0.056936 0.007975 0.234083 0.146320 -0.060920 0.085691 -0.156261 -0.148166 -0.042374 -0.322027 -0.152485 -0.291979 -0.067303 -0.171505 -0.052941 -0.008506 -0.029178 -0.028746 0.032851 -0.168889 0.084950 0.005356 -0.111207 -0.032605 0.159255 -0.130592 0.174899 -0.137393 -0.050120 -0.167491 0.171579 -0.070251 -0.199430 0.160696 0.014473 -0.145383 -0.278981 -0.097736 -0.227137 0.112534 -0.027348 0.144038 0.084275 -0.088784 -0.271414 -0.065520 0.143653 -0.240380 -0.239059 0.114997 -0.214878 0.229761 0.071919 -0.184801 -0.046660 -0.146758 0.028461 -0.069488 -0.059731 -0.005969 0.298698 0.071974 0.045271 0.068216 0.037839 0.035739 -0.092243 0.024131 0.095001 0.315938 0.070217 -0.125980 0.111065 -0.154887 0.152027 -0.019584 -0.101814 0.303592 0.094148 -0.162808 -0.056623 -0.202742 -0.017277 -0.123200 -0.129538 0.161490 0.052928 -0.112101 0.364459 -0.032466 -0.157831 -0.285185 0.093517 0.172970 0.057963 0.140257 0.012343 0.205154 0.018972 0.152748 -0.267313 -0.056344 -0.227129 0.380424 0.311602 0.024628 -0.003719 0.108385 0.047495 -0.054812 0.024665 0.467273 -0.121831 -0.167964 -0.001660 -0.028600 -0.082848 -0.031887 -0.056736 0.379990 -0.104084 -0.279860 0.227446 -0.000793 -0.009627 -0.227384 0.158429 0.109115 0.079927 0.178891 -0.122695 -0.082116 0.065537 -0.031324 0.187500 0.041434 0.279599 0.430241 -0.263084 -0.022123 -0.275683 0.117359 -0.004513 0.049250 0.016363 -0.248478 -0.295520 0.036435 0.016432 0.009741 0.106046 -0.081566 0.114730 0.112320 -0.124814 0.083478 0.127105 -0.014110 -0.355844 -0.075688 0.085684 0.069318 -0.386339 -0.414840 0.052939 0.045261 0.099805 0.026667 0.092936 -0.173384 -0.204110 0.515148 -0.005055 -0.220905 0.081582 -0.194744 -0.070995 0.002124 0.059822 -0.200024 0.094842 0.027015 -0.104412 0.139522 0.037543 -0.095320 0.062066 0.323440 -0.055739 0.293014 0.069578 -0.246143 0.206310 0.009262 0.103757 0.498169 -0.118427
v 0.119103 0.163863 0.158529 -0.108905 0.034002 0.252616 -0.151566 0.178046 -0.030959 0.175908 -0.107401 -0.135736 -0.066460 0.011393 -0.033759 -0.123268 -0.140797 0.186845 0.195946 -0.112737 0.054870 0.144836 0.177613 -0.026529 0.017108 -0.034832 0.022734 0.083477 0.085677 -0.165874 -0.005323 0.158841 -0.030814 -0.064743 0.120667 -0.023750 -0.072976 0.071365 0.169465 -0.021488 -0.189046 0.022506 0.154581 -0.037560 0.075204 0.059666 0.170211 0.027586 0.084727 -0.100701 0.078236 -0.015432 0.040036 -0.103948 0.050301 0.111059 -0.057846 0.154182 -0.188391 0.047371 -0.178073 0.072889 -0.110528 0.062231 0.214129 0.086879 -0.109790 0.130202 0.180691 0.002599 0.073700 0.066189 0.013337 -0.118700 0.153496 -0.074450 -0.033209 -0.184039 -0.060248 0.158985 -0.107886 0.008467 -0.045998 -0.022561 -0.049947 -0.335257 0.065471 -0.145792 0.021971 0.104252 0.051459 0.038120 -0.051967 0.120894 0.135726 -0.063654 -0.065212 0.023765 0.202873 -0.144790 -0.042144 0.084860 0.093339 0.062883 -0.049661 0.153466 0.060831 -0.070273 0.053563 -0.227480 -0.069354 -0.012014 -0.278781 -0.085416 -0.180769 0.006185 -0.175404 0.099513 -0.125944 -0.109426 -0.004083 -0.049882 0.002038 0.037886 0.053130 0.044270 0.092022 0.196083 -0.045491 0.004333 -0.066159 -0.195100 -0.147403 0.079899 0.096478 -0.091848 -0.029854 0.084561 0.195282 0.063663 0.055219 -0.057450 0.046767 -0.186875 -0.085553 0.063549 0.004111 -0.059931 -0.054667 0.188935 -0.008399 -0.201287 0.041081 -0.046424 0.014451 0.117573 -0.126817 0.047815 0.093359 0.126652 -0.128450 -0.161768 -0.071097 0.113340 0.041814 -0.087940 0.031173 -0.081416 -0.021548 0.050325 -0.034296 -0.025112 0.013930 0.051510 -0.014471 -0.031508 -0.151776 0.159480 0.069524 -0.009308 0.055343 0.099433 -0.210548 0.062708 0.056604 0.041497 -0.166219 -0.142205 0.125073 0.119215 -0.176745 0.111253 0.029655 -0.071685 -0.033329 0.044463 0.033235 -0.001520 0.224208 0.026148 -0.000739 -0.036930 0.002774 -0.003431 0.031478 -0.123946 0.094692 0.068486 0.085261 -0.034985 -0.060607 0.032005 -0.046236 0.121579 0.242314 -0.019655 -0.097295 -0.004836 -0.086208 -0.176209 0.058973 -0.073469 0.258600 -0.209522 -0.065813 0.211017 0.083340 0.004819 -0.307221 0.081851 -0.061440 0.090945 0.040368 -0.225753 0.099439 0.092282 -0.024041 0.034576 0.063305 0.257602 0.238116 -0.065465 0.137755 -0.175848 0.116459 0.086547 0.009152 0.066360 -0.105941 -0.010888 0.000991 0.189272 -0.061983 -0.021185 -0.146553 -0.134846 0.011730 0.113317 0.069476 0.063538 0.070576 -0.246298 -0.193707 0.148261 -0.036609 -0.215898 -0.256030 -0.002658 0.163286 0.035130 -0.089388 0.013308 -0.136362 -0.135381 0.214214 -0.034202 -0.006469 -0.042294 -0.224814 0.044153 -0.075985 -0.004237 -0.013760 0.092846 -0.053062 -0.038870 0.197723 0.106332 -0.032662 0.237366 0.051389 0.052980 0.223086 0.018325 -0.067591 0.092079 0.095807 0.047435 0.083511 -0.099241
uang -0.186082 0.168202 -0.255582 -0.052572 -0.006154 -0.154668 -0.201623 0.156923 -0.132771 -0.071465 0.034648 -0.028788 0.146520 -0.093071 0.077059 -0.026259 0.253466 -0.100826 -0.269567 -0.121085 -0.053866 0.001960 0.127859 0.136205 -0.207969 0.187771 -0.106463 0.036563 0.195346 0.176146 0.434098 -0.221807 0.043753 0.034510 -0.028861 -0.009491 -0.176332 0.074486 0.233329 0.023650 0.170287 -0.078480 -0.172352 -0.058260 -0.019727 0.168146 -0.110105 0.113003 -0.199370 0.066176 -0.238912 -0.137721 -0.214475 0.229212 -0.347014 -0.020775 -0.129292 -0.160303 0.045255 0.098695 0.214368 0.028047 0.203597 0.449249 -0.116649 -0.068879 -0.102128 -0.190490 -0.153208 0.190410 -0.086586 -0.240148 -0.085822 0.268537 -0.170293 0.154423 0.039900 0.004336 -0.034169 0.394427 -0.059109 -0.073108 -0.283819 0.008199 0.102732 0.161601 0.004732 0.017357 -0.105674 -0.209783 -0.074134 0.011339 -0.094252 0.035905 -0.010467 -0.038963 0.025381 0.140638 0.028723 0.149276 0.214325 0.159610 0.001153 0.309324 -0.145436 -0.133706 0.068704 0.088569 -0.040932 0.011519 0.007680 0.060850 0.223164 0.079092 0.046129 -0.229625 0.091022 0.179681 0.132991 -0.247196 0.171880 0.069040 0.288968 -0.129782 -0.008600 -0.021722 -0.053811 -0.069920 0.276946 -0.192586 0.016253 0.083609 0.270695 -0.099820 0.109351 0.210407 -0.087469 0.224635 -0.140918 0.007329 -0.188643 0.082946 0.087695 0.017224 -0.035604 -0.103382 0.023116 -0.095785 -0.101687 -0.046711 0.015968 0.138982 -0.549543 0.120732 0.002137 -0.076234 0.259069 -0.057081 0.261129 -0.120231 0.015254 0.060740 -0.165658 0.161148 0.093637 -0.218772 0.130237 0.088273 0.190970 0.109348 -0.039381 0.139572 0.189902 -0.150856 -0.226103 0.158996 0.057942 -0.007449 -0.261722 0.225911 -0.051198 -0.342390 -0.081977 -0.071803 -0.334167 -0.112984 0.244239 0.053089 -0.173940 -0.136432 -0.105781 -0.225333 -0.127981 -0.050111 0.145352 -0.055778 -0.061327 0.028612 -0.121356 0.231623 -0.270553 -0.027332 0.214695 0.190568 -0.325473 0.044185 -0.297591 0.072077 0.117124 0.090324 -0.106403 -0.263359 -0.025407 0.187722 0.068081 0.204509 -0.052319 0.119653 0.296183 0.187910 -0.111830 -0.043787 -0.058442 0.362439 0.035944 0.025514 -0.038192 -0.128680 0.349109 -0.073694 -0.313942 -0.044130 0.103123 -0.090045 -0.063265 0.033168 -0.028938 -0.336711 -0.014783 -0.145172 -0.060693 -0.076308 0.092307 -0.095093 -0.083095 0.041154 0.106007 -0.273050 -0.038024 0.218069 0.251553 -0.044724 0.099148 0.154214 0.027477 -0.348355 -0.126297 -0.165103 0.142667 -0.053795 0.056569 -0.140382 -0.057225 0.037843 -0.101011 0.226884 -0.148210 0.181204 -0.374693 -0.114536 0.138818 0.136610 0.171510 0.212134 0.074526 0.096626 -0.076485 0.073394 0.199016 -0.084122 0.157732 -0.006128 0.011334 -0.025207 0.222262 -0.153040 -0.077513 0.132244 -0.119753 -0.154615 -0.160491 0.019666 -0.034302 -0.144568 -0.038360 0.110304 -0.048780 0.139973 -0.242538 0.179197
zh -0.235511 0.092442 0.009256 0.122314 -0.006779 0.088461 0.075072 -0.056311 0.036062 -0.199857 -0.009980 -0.233954 0.272498 0.064263 -0.125618 -0.015532 0.243070 -0.197786 -0.031809 0.022559 -0.151182 -0.265605 0.049353 0.137038 -0.032860 0.192731 -0.004139 0.015161 0.093214 -0.049118 0.265315 -0.159399 0.068315 -0.140356 0.107599 -0.133686 0.014032 0.243593 -0.028353 0.095047 -0.041750 0.002086 0.088710 -0.049186 -0.072176 0.161577 -0.060353 -0.149242 -0.251329 0.012567 -0.005914 -0.116131 0.017714 -0.112769 -0.224170 0.055741 -0.032060 -0.031796 -0.029052 -0.082112 0.047507 0.081515 -0.097600 0.110261 -0.309081 -0.037574 0.048649 0.042868 0.092321 0.034959 0.050007 -0.016369 -0.087972 0.159799 0.144774 -0.019602 0.034560 0.038027 0.300295 -0.038161 -0.042410 0.220594 -0.186186 0.055845 -0.001116 0.095618 -0.186069 0.045191 -0.130383 0.120463 -0.030260 -0.016096 0.116693 -0.016319 0.029802 0.296853 -0.093809 -0.064148 -0.160452 0.203168 0.145567 0.045768 0.053602 0.135443 -0.152278 -0.275394 -0.082519 0.000012 -0.019357 -0.103744 -0.042503 0.151084 0.104861 0.080909 0.106621 -0.051796 0.131125 0.108293 0.076426 0.011269 0.077460 0.000168 -0.023238 0.135486 0.054718 -0.074710 0.007753 -0.027270 0.068312 -0.136804 0.316696 0.064353 0.309102 -0.362040 0.017880 -0.119408 0.106753 0.097818 0.109299 -0.010710 0.072358 0.220650 0.012207 0.082267 0.022446 0.086080 -0.006382 -0.099256 0.074057 0.018007 0.124938 0.142596 -0.199418 0.006871 -0.174886 0.088525 -0.101910 -0.172651 -0.022177 -0.020185 0.140912 0.028864 0.028460 0.020120 0.107688 -0.105526 0.108009 -0.231383 0.016417 0.028399 -0.103953 0.071435 -0.217488 -0.063966 0.132514 0.011021 0.042547 0.093099 -0.077318 0.212043 0.115895 -0.157408 -0.065451 -0.032076 -0.149606 -0.027178 0.133137 0.174433 0.034795 0.009940 0.194497 0.066041 -0.032901 0.048712 0.210311 0.045291 -0.167671 0.029422 -0.060766 -0.140279 -0.069719 0.178797 0.110262 -0.207113 -0.011103 0.161713 -0.038583 0.069836 0.104889 0.038950 0.148105 -0.252776 -0.079823 0.023329 -0.113645 0.060477 0.022976 0.031338 -0.097250 -0.087894 0.121268 -0.047307 -0.000171 0.186046 0.013872 0.049275 0.149749 0.064837 0.111643 0.061575 0.073587 -0.093817 0.083662 0.089374 0.057357 -0.037456 0.006163 0.078490 -0.200434 0.026411 -0.029252 0.013808 0.065612 -0.075981 -0.139435 -0.021015 0.010931 -0.054089 -0.055946 0.245796 0.142138 0.033926 -0.158059 0.057072 0.049881 -0.180128 -0.014409 0.141526 -0.165614 -0.073775 0.009156 -0.095555 0.150823 -0.152007 0.102842 0.067356 0.245062 0.041732 -0.034855 0.100574 0.260958 -0.033341 0.072636 -0.001628 0.112219 0.124814 0.064232 -0.114952 0.053944 0.083648 0.017030 -0.004377 0.228599 -0.118161 0.122864 0.038711 -0.101785 0.076593 -0.106304 0.084261 -0.051020 0.181355 0.160238 -0.014134 0.131040 0.088993 -0.153069 -0.092484 0.086762 0.152580
ai 0.147564 -0.099632 -0.067425 0.075826 0.144262 -0.265761 0.140201 -0.210725 0.036251 0.073197 -0.314424 0.022080 0.057778 0.011666 -0.055763 -0.077774 0.044322 -0.122389 -0.102310 0.202152 -0.095167 -0.177647 0.011040 -0.069280 0.105824 -0.232120 -0.205392 -0.259459 -0.123709 -0.115262 -0.049440 0.283566 -0.113702 0.129361 0.066174 0.131192 0.108501 0.150629 0.034224 -0.090934 -0.086769 -0.091231 -0.115031 -0.041653 -0.153714 0.138884 -0.022923 -0.063734 -0.140249 -0.160314 -0.023972 0.028020 -0.169678 -0.089280 -0.149280 -0.063977 0.016841 -0.005632 -0.014211 -0.109144 0.049435 -0.122517 0.021838 -0.038949 0.002744 -0.228601 -0.119394 0.000864 -0.148899 -0.063249 0.152291 0.039031 0.004588 0.001983 0.020063 0.077989 0.053847 -0.098255 0.081620 0.017848 -0.110081 0.032469 0.116338 0.169101 0.263529 0.028378 -0.101307 0.291691 0.023096 0.053844 0.080164 -0.150674 0.038369 -0.060811 -0.212014 0.183704 -0.015498 0.061170 0.039842 0.062760 -0.064875 0.084789 -0.018056 0.164216 0.034037 -0.055590 0.171082 -0.111957 0.088795 0.016792 0.192126 -0.064672 -0.000437 0.222259 0.207541 -0.162256 0.050975 -0.172507 -0.269666 -0.069293 -0.012515 0.085638 -0.046086 -0.016455 -0.177288 0.154639 0.187012 -0.116285 0.118222 -0.069037 0.060873 0.026824 -0.002880 -0.024470 -0.104439 -0.179775 0.020146 0.148121 0.013360 -0.005177 -0.248147 0.088416 -0.010980 0.024658 -0.174507 -0.139439 -0.141735 0.130279 0.138805 0.009663 0.011361 0.073350 0.041223 0.075603 0.085107 0.108787 -0.215955 0.007893 0.055024 -0.017633 -0.078269 0.167136 -0.166932 -0.044355 -0.011535 -0.071873 0.010370 0.086130 -0.090992 -0.047600 0.015894 0.123825 0.025484 0.053934 0.081017 0.085635 0.080819 0.156507 -0.131529 0.074403 -0.079100 0.012636 0.054936 -0.059042 0.250410 0.027773 -0.043930 -0.019384 -0.080979 -0.149194 -0.126353 0.134614 -0.004969 0.068100 0.115765 -0.014126 0.123340 -0.007488 -0.141516 -0.042914 0.055835 0.098019 -0.098441 0.001480 -0.079205 -0.054295 0.023036 0.052162 -0.002351 -0.077646 0.019787 0.216921 -0.097061 -0.072065 -0.053851 -0.070481 0.055847 -0.169317 0.011244 0.011507 0.045003 0.350943 0.164736 0.185559 -0.045135 -0.006271 -0.049582 -0.097931 -0.022248 -0.010942 -0.108374 -0.059866 -0.218054 -0.038975 0.040935 -0.098066 0.058847 -0.057092 0.223863 -0.125659 -0.020248 0.191153 -0.120757 0.101454 0.120952 0.019298 0.198807 -0.032405 0.371402 -0.124776 -0.222126 -0.085178 -0.227659 -0.002425 -0.025898 -0.009731 -0.153293 0.016180 -0.259068 0.172468 0.074996 0.052781 -0.074436 0.216076 0.102511 -0.103025 -0.060527 -0.014025 -0.002786 0.041416 -0.156718 -0.047924 -0.055959 -0.113005 -0.011773 -0.076946 0.116189 0.112837 0.040863 -0.032116 -0.227144 0.185100 -0.015556 0.134129 0.003714 -0.025276 -0.188232 0.017762 0.161822 -0.061755 0.091234 0.007372 0.068385 -0.081882 0.113551 -0.054438 -0.036304 0.043428 -0.045013 0.112520
i 0.024026 -0.001056 0.046451 0.121625 0.025141 0.029096 -0.060173 0.047464 0.121654 -0.052802 0.024679 -0.003521 -0.076721 0.038518 0.038333 0.019410 0.019727 -0.107572 -0.005375 -0.054690 0.110405 0.075583 -0.110540 -0.088969 0.063283 0.037025 0.078318 0.004492 -0.101401 0.115652 -0.101614 -0.084237 0.063557 0.139604 -0.038226 -0.015177 0.107901 -0.001385 0.012404 0.162090 -0.074711 0.166549 0.003714 0.116702 -0.127057 -0.006196 -0.128145 0.085413 0.059941 0.016001 0.071957 -0.097404 0.029726 0.087190 0.145953 0.121998 0.150605 -0.012952 0.022540 0.109110 -0.182749 -0.154680 -0.092342 -0.097110 0.004758 0.069090 -0.117768 0.078660 -0.198045 0.016089 0.092813 0.112110 0.136683 -0.170741 0.014275 0.028010 -0.023188 -0.192859 -0.105699 0.034771 0.148845 0.019981 -0.022121 0.013862 0.000685 -0.028207 -0.004933 -0.095611 0.032560 -0.055370 -0.051388 0.123114 0.090621 -0.086697 0.016365 -0.007101 -0.013266 -0.057232 0.036019 0.003546 0.050423 -0.010034 0.157787 -0.196013 0.053886 0.146615 -0.009873 -0.125932 0.061520 -0.083305 -0.106602 -0.010231 -0.199192 0.029725 -0.079408 -0.005315 -0.086775 0.182697 0.057240 0.013800 -0.025430 0.112359 0.117997 0.034104 0.025541 -0.000357 0.060043 0.160676 -0.071657 0.005816 -0.206489 -0.003960 -0.098582 0.002078 0.071316 0.221132 0.073602 -0.026529 0.092850 0.053418 0.042022 -0.112369 -0.048449 0.045306 0.034634 0.111834 0.057700 0.134162 -0.055108 0.051546 0.127055 -0.040223 0.041775 -0.107872 0.061362 -0.003030 -0.009289 0.058806 0.172881 0.072542 0.020627 -0.082025 0.074745 -0.085803 -0.025269 0.057440 -0.091969 -0.098416 -0.074084 0.096652 0.013694 -0.020277 -0.033256 0.007040 0.109443 -0.114062 -0.007253 -0.086907 -0.036422 0.056375 -0.197808 0.044378 0.166133 0.141551 0.035097 -0.012184 -0.083477 -0.145358 -0.181576 -0.042724 -0.013165 -0.039277 -0.020069 0.165348 -0.061189 0.073584 0.068434 -0.095289 -0.019458 -0.010293 0.195212 -0.142249 0.064013 0.097129 0.214718 -0.102774 -0.052325 -0.126472 0.030239 -0.167935 -0.091246 -0.079901 0.122218 -0.079429 -0.011654 0.135092 0.048947 0.049986 0.035228 0.034920 0.076111 0.021600 -0.066060 -0.114162 -0.005338 -0.173878 -0.090362 0.037235 0.022975 -0.023925 0.013605 -0.048121 -0.112932 0.219818 -0.031798 0.058417 0.158512 -0.015662 0.076807 -0.031796 -0.020950 -0.081533 0.009406 0.016348 0.036566 -0.098069 -0.063577 0.087171 0.006618 -0.179156 0.099397 -0.079439 -0.161828 -0.030410 -0.105516 -0.130888 0.134710 -0.052667 0.169046 0.018470 0.008118 0.016113 -0.041796 -0.025006 -0.080464 -0.029896 -0.013155 -0.007672 -0.042451 -0.114673 -0.163421 -0.040065 0.026440 -0.027469 -0.075934 0.095691 0.057907 -0.099286 -0.093748 0.040872 -0.022282 -0.009511 -0.065527 0.056818 -0.012566 -0.022906 0.099093 -0.056404 0.057576 0.155631 0.001884 0.038979 -0.120328 0.064726 0.071018 0.044015 0.071406 0.060502 -0.025445 -0.051250
s 0.227596 0.102775 -0.053068 0.172827 -0.016287 -0.225786 -0.062670 -0.111539 -0.091733 0.259005 0.055769 0.155887 -0.176104 0.071495 0.036751 0.159011 -0.212469 -0.031774 -0.110725 0.133068 -0.137586 0.204075 -0.117666 -0.185456 -0.047942 -0.159839 -0.050218 -0.161494 -0.208461 0.083885 -0.017559 -0.098176 -0.036753 0.016743 0.071738 -0.034270 -0.227447 0.040069 -0.095882 0.149287 -0.044718 0.052824 0.012663 -0.020246 -0.009834 -0.168006 0.083675 -0.160893 -0.074973 -0.040441 0.099991 0.083861 0.119720 -0.221416 -0.137486 -0.136688 0.221616 -0.097688 0.025958 0.023312 0.203902 0.043398 0.220835 -0.175713 0.138076 0.258522 -0.063244 -0.011450 -0.049055 -0.036560 0.217211 0.035728 0.178703 0.031700 0.186250 0.208142 0.058280 -0.118504 -0.001771 0.014126 -0.099311 -0.114422 -0.051667 0.157737 0.138801 -0.059586 0.206412 -0.043567 0.157152 0.107776 0.089503 0.163055 0.155533 -0.076792 -0.167514 0.143208 0.035058 -0.071047 -0.164400 -0.027216 -0.042207 0.157880 0.127809 -0.123227 -0.195920 -0.275018 0.187978 0.002546 -0.249373 0.035028 0.018670 -0.253888 0.034367 0.165801 -0.089094 -0.195116 0.078453 -0.166083 0.016813 -0.069559 0.260554 0.104775 -0.093870 0.155161 0.016655 0.060382 0.104451 -0.178528 -0.003906 0.041775 -0.027977 -0.044825 0.005362 -0.003742 -0.198078 -0.011805 0.118584 0.110924 -0.175978 0.008232 -0.271830 -0.152183 0.074916 0.263296 0.053765 -0.092825 0.003290 -0.029524 0.043864 -0.190420 -0.212860 -0.061860 0.098275 -0.099347 0.086382 0.012962 0.112140 0.332039 -0.147743 -0.138841 -0.096894 0.273630 -0.003402 -0.359660 0.076451 0.194950 -0.023944 -0.145829 -0.050744 -0.204642 -0.086607 -0.118573 0.155836 0.335350 -0.148592 -0.136744 0.180212 0.015870 0.007813 -0.269124 -0.094603 -0.041694 -0.138693 0.017040 -0.154531 -0.329747 -0.026466 0.265185 -0.043265 -0.057338 0.316058 -0.261170 -0.137701 0.073589 -0.148333 -0.066491 -0.008648 0.059969 0.092269 0.070908 0.215685 0.095422 0.013351 -0.003405 -0.022754 -0.335989 -0.059587 0.323370 -0.078161 -0.026627 -0.103027 0.083645 0.025006 -0.203772 0.105489 -0.166024 0.031259 -0.035281 -0.082342 -0.105128 0.036322 0.143585 -0.008472 0.179118 0.101281 0.046030 -0.189076 -0.382264 0.091655 -0.170425 0.262828 -0.117921 0.072151 0.100497 -0.012958 0.208606 0.228971 0.324056 -0.163936 -0.211739 -0.102389 -0.146263 -0.125048 0.233248 0.038872 -0.012863 -0.008067 -0.084910 0.245987 -0.018454 -0.214135 -0.077629 -0.000469 -0.194233 0.088745 0.375757 -0.068948 -0.122373 -0.203903 0.076041 -0.206148 0.048708 -0.032127 0.246309 0.131141 -0.189368 0.034524 0.099295 -0.202743 0.085312 -0.224467 0.014026 -0.009099 -0.000201 -0.146149 -0.121293 0.218264 -0.066344 0.114430 -0.095287 -0.249376 0.047915 -0.121890 -0.186297 -0.166421 0.182721 -0.057049 -0.271438 0.037728 -0.096797 0.139949 0.185326 -0.197396 -0.031364 -0.078197 -0.113303 -0.066165 0.135080 -0.083870 0.336341
d 0.049463 -0.061094 -0.034622 0.167244 -0.034665 -0.165415 -0.038450 -0.137364 0.218636 -0.060020 0.041380 0.082573 0.102551 0.055385 0.038276 -0.250574 0.146752 -0.104504 0.086966 0.021316 -0.204294 -0.020328 -0.203868 0.068288 -0.026952 -0.169103 0.151198 -0.154690 -0.062573 0.106025 0.131276 -0.066609 0.079135 0.263074 -0.009162 0.099529 0.103686 -0.029627 -0.072776 0.029399 0.052983 0.160892 0.196641 0.071312 -0.006392 0.126464 -0.061691 0.049325 0.089991 -0.034316 -0.091313 -0.051386 0.164963 0.056016 -0.096117 0.024864 -0.088788 -0.017669 0.141108 0.016352 0.016955 -0.007801 -0.084363 0.135745 -0.070967 -0.067268 -0.063621 -0.025153 0.078272 0.020923 -0.048763 0.046815 -0.031389 0.015751 0.150242 -0.050959 0.003527 -0.127626 0.019642 -0.118238 0.046965 -0.080132 -0.167285 0.151336 -0.062267 -0.060530 -0.165009 0.060105 -0.020770 -0.055621 -0.014055 0.021571 0.078661 -0.019137 -0.053342 0.037829 -0.089711 -0.070486 -0.167731 -0.033458 -0.011070 -0.198958 0.010624 -0.074165 0.068344 -0.042523 -0.102076 0.154626 -0.001960 -0.113263 -0.134956 0.160715 0.112318 0.127569 0.020676 0.060660 0.049055 -0.168397 -0.006656 0.077041 -0.077171 -0.037331 -0.048535 -0.115416 -0.082604 0.011511 0.147853 0.133140 0.080150 0.043258 -0.019724 -0.085213 -0.049395 -0.050475 0.068759 -0.090832 0.022954 -0.048443 0.042272 0.192180 -0.039191 0.052307 -0.009632 0.094539 -0.071678 0.169954 -0.036108 0.164409 -0.016351 0.163796 -0.046296 0.250095 0.062068 -0.043801 -0.211610 0.057106 -0.260562 0.024448 -0.184990 0.105685 0.138658 0.051396 -0.044109 0.055935 0.110993 -0.024854 -0.103465 -0.230114 -0.017342 -0.034055 -0.085897 -0.144443 -0.021576 0.033641 0.069707 -0.109638 0.005051 -0.073314 -0.045814 0.064231 -0.174675 -0.007761 -0.254725 0.081127 -0.109748 -0.022901 0.037377 0.095081 -0.134122 0.058078 0.196172 0.066593 0.106523 0.046427 -0.079765 -0.025992 -0.108516 -0.010220 0.062291 -0.076053 0.190128 0.106200 -0.039571 -0.016996 -0.068380 -0.002194 -0.101642 -0.176490 -0.193332 -0.147608 0.153552 0.039005 0.117760 0.164707 0.033468 0.121832 0.254124 -0.042070 0.002665 -0.006153 -0.010302 -0.122540 -0.018567 -0.157885 0.004729 -0.102737 -0.212119 -0.093382 -0.103607 0.145291 -0.046529 0.170225 -0.167848 0.086498 0.071133 0.061224 0.151326 0.077005 -0.034717 0.075474 -0.148264 -0.015842 -0.019732 0.176409 0.019332 -0.073043 -0.136667 -0.011691 0.048393 -0.054321 -0.005271 0.039437 -0.018872 -0.019798 -0.181663 0.014635 0.147119 -0.094856 0.082401 0.049457 0.111764 -0.185055 0.183171 -0.240640 -0.041000 0.058224 0.077034 0.043926 0.014497 0.066529 -0.109252 0.028900 -0.030579 -0.246539 -0.073704 0.097011 0.159414 -0.087271 -0.031613 -0.088117 -0.155978 0.090979 -0.007571 -0.094581 0.010018 -0.031509 0.138218 0.077128 -0.008778 0.020438 -0.058644 0.006520 -0.057020 0.123498 0.043970 -0.060711 -0.068214 0.027019 0.039197 0.126949
ou 0.079416 0.058513 0.158220 0.048178 0.117979 -0.432966 0.222799 -0.278794 -0.036219 -0.056086 0.111229 -0.168851 -0.107943 0.135071 -0.194723 -0.113786 0.223139 -0.017047 -0.052294 0.175041 -0.309150 0.181990 0.076294 0.113837 0.027569 0.176681 -0.117670 0.105865 0.024102 -0.024758 0.318635 -0.006723 -0.148659 0.002385 -0.354945 -0.084607 -0.012050 0.037738 -0.121162 0.175870 0.297605 -0.156356 -0.163353 0.092644 -0.054219 0.308904 0.046821 0.173819 -0.240496 -0.174757 0.152926 0.037584 -0.128212 -0.217343 -0.161160 -0.037705 -0.140703 0.043267 -0.004177 -0.047532 0.181143 -0.019081 -0.133331 0.122037 -0.380212 -0.188816 -0.223308 -0.082294 0.174539 0.020195 0.173247 0.077214 -0.098885 0.306494 0.157365 -0.179397 0.134556 0.024872 0.190194 -0.106099 0.095208 0.326126 0.064141 -0.145369 -0.004027 0.053995 0.036569 0.170739 0.015542 -0.166536 0.148885 -0.244074 0.013664 0.064810 0.233198 0.337083 -0.057059 -0.160452 -0.080390 0.140066 0.219090 0.235621 0.097838 0.214918 -0.063801 -0.386644 -0.019437 0.148662 0.092571 0.179770 -0.017654 -0.131362 -0.109077 -0.172143 0.095939 -0.147987 0.139200 -0.021362 -0.062926 -0.315998 -0.125289 0.012363 0.129416 0.184521 -0.030711 0.125464 0.033985 -0.115926 0.066549 0.095837 -0.127742 -0.325272 -0.065298 0.183985 -0.016711 -0.180689 -0.367140 -0.093172 -0.021273 0.063444 0.099298 -0.010702 -0.288112 0.053670 -0.009761 0.030831 0.149974 0.034650 0.233508 -0.132470 0.119325 0.160523 0.055306 -0.086355 -0.019009 0.343174 -0.190995 0.183416 0.023899 0.128394 -0.052790 0.290956 0.059841 0.071427 0.184284 -0.300216 0.194093 -0.125905 -0.134628 0.267751 -0.211825 -0.038660 -0.462099 -0.053976 0.105513 0.213132 -0.108981 -0.055668 -0.070969 0.217374 0.134632 0.128199 -0.269570 0.246462 -0.045423 0.259193 -0.233434 -0.115370 0.102045 0.098226 0.083654 -0.134714 0.016308 0.004816 0.089014 -0.268999 0.001736 0.117375 0.122881 0.072960 -0.081675 0.047588 0.041884 0.010956 0.065061 0.060592 -0.174896 0.080321 -0.197229 -0.326063 0.066254 -0.245832 0.038801 -0.027896 -0.031428 0.404099 -0.112925 -0.007506 -0.197043 -0.077417 -0.168992 0.271668 0.024065 0.220127 -0.044072 0.107115 -0.093787 -0.061687 -0.070846 -0.057235 -0.031421 -0.178479 -0.020602 -0.236131 -0.044883 0.048463 -0.137268 0.202019 0.169001 0.030817 0.021111 0.089530 -0.151193 0.247117 0.041607 0.075943 -0.122723 0.062461 0.180586 0.205723 -0.077056 0.022271 -0.104184 0.129408 -0.005442 0.070611 -0.074728 -0.052499 -0.359525 0.167193 0.038952 0.151512 0.078766 0.026679 0.097705 -0.031573 0.158379 0.106149 0.186450 0.047375 -0.078839 -0.186363 -0.128053 -0.075760 0.090213 0.009166 -0.092392 -0.127040 -0.065254 0.152122 0.191362 0.076730 0.143474 -0.113233 -0.141038 0.291752 0.142186 0.007565 0.297649 0.195548 0.112576 -0.037116 0.276876 -0.210441 -0.248597 -0.153636 0.026435 -0.064291 -0.106833 -0.067819
eng -0.096161 0.161616 0.041729 -0.064232 0.052254 0.002561 -0.075000 -0.013607 0.027175 -0.212176 -0.076690 -0.232629 -0.029744 -0.072277 0.042732 -0.049576 0.261905 0.003571 0.061043 0.307576 -0.092150 -0.115025 -0.015817 -0.014947 -0.089136 -0.168838 -0.138971 0.086838 0.071961 0.051632 0.303600 -0.151951 0.053162 -0.024406 -0.008486 -0.051900 0.214333 0.104019 0.090418 -0.073949 0.097015 -0.107805 0.133549 -0.053047 0.032170 0.084419 0.039192 -0.143184 -0.128714 -0.379238 -0.011930 -0.220162 0.232136 -0.005673 -0.030189 0.187591 -0.352097 0.069370 0.040199 -0.140246 0.001103 0.088657 -0.071203 0.108634 -0.021420 -0.135908 -0.086955 -0.011069 0.144058 0.022308 0.032832 0.005706 -0.057932 0.000748 0.115614 -0.039454 -0.014990 0.032757 0.064019 0.226765 -0.086676 0.173995 -0.082075 -0.094966 -0.028024 0.008861 -0.133075 -0.081991 -0.049919 0.039999 -0.026449 0.002109 -0.118154 -0.060874 0.081557 0.022407 -0.069556 -0.125452 0.003305 0.102549 -0.115261 0.101961 -0.028117 0.039040 -0.097654 -0.065650 -0.028639 0.099564 0.057068 -0.241334 0.088794 0.165294 0.026278 0.065044 -0.001582 0.158909 -0.086707 -0.016206 0.018409 -0.057592 -0.037883 -0.102470 -0.247148 -0.182363 -0.051541 -0.047498 -0.038485 0.161756 0.048905 -0.150629 0.459453 0.005708 0.100108 -0.077715 -0.005908 -0.113677 -0.056206 0.123912 0.347728 -0.020922 -0.035274 0.212240 0.053986 -0.157711 0.040706 0.013843 -0.021466 0.006386 0.000262 -0.075462 0.121673 0.114946 0.038510 0.215396 -0.290626 0.004439 -0.224074 -0.113898 0.177745 0.255929 0.188778 0.107437 -0.128819 -0.118920 0.310036 -0.006818 -0.171239 -0.095597 0.098053 -0.025847 -0.064953 -0.058056 -0.273788 -0.041808 0.084379 -0.030278 -0.116179 0.199552 0.006926 0.267606 0.034432 -0.021374 -0.158182 -0.006466 0.063977 -0.087017 0.003713 0.098707 0.111044 0.158858 0.178993 -0.016280 0.060151 -0.012882 0.149830 -0.007808 -0.141666 0.068603 0.128959 -0.361684 -0.150457 0.095223 -0.011948 -0.114065 0.211177 0.008669 0.034749 0.066579 0.014190 -0.062902 0.010516 0.063229 -0.009850 0.085232 -0.076448 0.082933 0.015761 -0.192175 -0.085944 -0.078903 0.191009 -0.210461 0.006237 -0.023340 0.071977 0.079265 0.067539 -0.097229 -0.053517 0.165450 -0.173686 0.028113 0.105461 0.096398 0.232698 -0.070588 0.164986 0.097692 -0.123586 0.060539 -0.187517 0.138706 0.275924 -0.084235 -0.109044 -0.025733 -0.063192 -0.192005 -0.207443 0.118677 0.005820 0.042280 0.072816 -0.020250 -0.087587 -0.300373 -0.194951 0.191919 -0.063321 0.019889 -0.051955 0.080959 0.033568 -0.124930 0.066242 -0.057943 0.162707 -0.108159 0.147238 -0.119798 0.051155 -0.101415 0.070899 -0.008920 -0.024215 0.095763 0.118097 -0.362465 0.201062 0.100013 -0.128378 0.046806 0.142750 -0.159577 0.253051 -0.002314 -0.001339 0.067382 -0.041046 -0.048147 -0.023378 0.086473 -0.026236 -0.072370 0.149821 0.174359 0.061583 -0.073752 -0.062039 0.045628
x -0.084302 0.480506 0.231132 -0.115182 0.101549 0.044381 -0.173581 0.265081 -0.030747 -0.237288 0.181921 -0.096822 0.124945 -0.111885 0.106847 -0.068946 -0.003309 -0.152414 -0.034949 -0.204173 -0.006694 0.062644 0.049229 0.023135 -0.088659 -0.056117 0.073143 0.145543 0.159892 -0.171699 -0.010413 0.038690 -0.009400 0.031852 -0.037189 0.049024 -0.160558 0.105117 -0.010459 0.038614 -0.240339 0.047822 -0.238126 0.136029 0.030392 0.021898 -0.085377 -0.046832 -0.001893 -0.028061 -0.097747 -0.183997 0.113210 0.107891 0.108208 -0.150346 0.042682 0.133970 -0.171840 0.111995 0.113162 -0.173492 -0.211476 0.003838 0.267918 0.040464 0.091442 0.046731 0.195621 0.107065 0.145352 -0.072945 -0.078054 -0.015378 -0.004548 -0.075179 -0.163908 -0.099630 0.046334 0.104413 0.152299 0.062646 -0.173581 -0.001571 0.160920 -0.081048 -0.050420 -0.192662 -0.013453 -0.230211 0.225462 0.210264 0.080499 0.031826 0.135521 -0.236379 -0.228691 0.034978 0.045426 -0.006511 0.202811 -0.281248 -0.008473 -0.159731 0.049382 -0.068081 0.012113 0.000555 -0.041449 -0.048771 -0.114241 0.134289 -0.036002 0.171957 0.053023 0.070545 -0.042676 0.132288 -0.013458 0.120227 0.181325 0.071621 0.216396 -0.108791 -0.206052 0.183345 -0.040051 0.223153 0.002267 0.001882 -0.052631 -0.009170 -0.000690 0.201814 0.110327 -0.102386 0.000993 -0.094345 -0.039347 0.079563 0.063193 -0.024235 -0.099492 -0.302961 -0.098003 0.070938 0.028254 0.029629 -0.032713 0.258022 -0.095963 -0.011729 -0.234379 0.261240 -0.105944 -0.136767 -0.180536 0.026164 0.054041 -0.069398 0.019514 -0.191598 0.171848 0.115201 0.209884 0.011554 0.079329 -0.005378 0.056351 0.134644 0.186937 -0.041561 0.229980 0.014412 -0.237793 -0.034933 0.006338 -0.206841 0.102750 0.022725 -0.033703 0.015214 -0.450395 -0.166262 -0.159474 0.083933 0.103939 -0.011043 -0.044681 -0.036686 -0.001877 -0.033273 0.284647 0.042331 -0.063499 -0.081242 -0.084998 -0.055620 0.086741 0.265719 0.049262 -0.188664 -0.027570 0.085447 -0.052503 0.163498 -0.090542 -0.100950 -0.097075 0.064748 0.084708 -0.145605 -0.106919 0.197561 0.116048 0.225480 0.018467 0.182710 0.096663 -0.052442 0.090940 -0.169347 -0.114909 0.075722 0.102140 0.036816 0.185545 0.051013 -0.234161 0.119308 -0.155265 0.113268 0.113463 -0.201093 0.028679 0.190362 -0.026783 -0.009083 0.137423 0.014790 -0.176955 -0.066158 0.230969 -0.236476 0.105617 0.075854 -0.250977 -0.013596 -0.221631 -0.116072 0.402944 0.026510 -0.019416 -0.126372 -0.063353 -0.006235 -0.012396 0.005655 0.187357 -0.247538 0.153456 -0.244350 0.028843 0.157063 -0.051380 0.072860 -0.110145 -0.153499 0.012050 0.220199 -0.008859 -0.098283 -0.032874 0.105733 0.167031 -0.302504 -0.101533 -0.265783 -0.051568 0.244503 0.194645 -0.111820 -0.062596 0.156604 -0.115600 0.052985 0.231753 0.068705 0.155661 0.150205 -0.123088 -0.071349 0.007116 0.211846 0.001158 0.106720 0.020970 0.097009 0.164313 0.167323
iao 0.065543 0.182954 0.176266 0.174398 0.097209 -0.085022 -0.012151 -0.054894 -0.023649 -0.145667 -0.061316 -0.102685 0.105503 -0.130998 0.151778 -0.176131 -0.109425 0.012453 -0.190771 0.061795 0.165545 0.094544 0.035636 -0.064436 0.030264 -0.119921 0.004454 0.031529 -0.025426 -0.086222 -0.016508 -0.191930 -0.013697 -0.015320 0.070586 -0.004362 0.028466 0.110606 0.090542 0.113283 -0.127378 -0.105632 -0.193274 0.127522 -0.035221 0.106885 -0.069396 -0.050938 -0.087316 -0.101787 0.187569 -0.031742 0.104344 0.103507 0.162823 0.031966 -0.070840 0.136778 -0.110532 -0.066040 0.007205 0.000757 -0.153508 0.172559 0.050880 -0.018907 0.111931 0.153923 -0.005630 0.015227 0.093371 -0.200827 0.163861 -0.226670 0.188183 0.019034 -0.094678 -0.079793 -0.023010 0.008521 0.127433 0.143062 -0.050845 -0.115060 0.078703 -0.045875 -0.048480 -0.222497 0.092154 -0.129356 0.001624 0.073232 0.065085 -0.022775 0.088353 -0.039965 -0.195193 -0.054238 0.026985 -0.056134 0.082743 -0.015528 -0.012650 -0.202040 -0.147005 0.063223 -0.131791 -0.102015 0.202172 -0.058022 -0.165030 0.092703 -0.076414 0.126491 0.136399 0.083850 -0.068611 0.264587 -0.023421 0.068618 0.157921 0.007714 -0.026099 0.039384 -0.138535 0.061392 0.124565 0.130756 -0.181319 0.046680 -0.194379 0.024560 0.009052 0.085696 0.047131 0.059403 0.012600 0.043192 0.153800 0.011938 0.257202 0.023413 -0.062354 -0.117005 -0.040257 0.091770 -0.052540 0.101367 -0.200611 0.166486 -0.042594 -0.029980 0.034319 0.216468 -0.127770 0.013891 -0.140654 0.035453 0.071876 0.086832 0.192765 -0.124094 0.259722 -0.015718 0.218082 0.074609 0.020968 -0.043298 0.054901 -0.002333 0.273208 -0.093053 -0.125641 -0.000897 -0.127429 0.096340 0.091803 -0.147163 0.009628 0.204237 -0.142323 0.129634 -0.102524 0.085697 0.028749 0.008524 0.017785 -0.186539 -0.178968 -0.086296 0.010879 -0.241757 0.011149 0.165790 -0.061333 0.027148 -0.140597 -0.220695 0.067696 0.091809 0.060175 -0.064987 0.066239 0.099710 0.062113 0.157921 -0.196170 -0.093125 0.015933 0.011359 -0.172969 0.078961 0.099783 -0.049478 -0.086686 0.029464 -0.028556 0.078459 0.007533 -0.072873 -0.053834 0.023610 -0.044250 -0.029466 0.136594 -0.128953 0.101007 0.131834 0.074229 0.102174 0.049100 -0.172532 0.106533 -0.079352 0.037655 0.106034 0.160070 0.009669 0.053737 0.149769 -0.274692 -0.081328 0.138100 -0.015535 -0.093305 -0.089554 0.027161 0.045051 -0.208204 -0.002139 0.313437 -0.050863 -0.202591 -0.160277 -0.044118 -0.093776 -0.008776 -0.008857 -0.047609 0.027845 0.251364 -0.149034 0.086526 0.241025 -0.001143 0.169994 0.019027 -0.107708 0.005015 -0.126209 0.026150 -0.141537 0.032743 -0.010898 -0.010010 -0.025258 -0.018279 -0.321533 -0.074968 0.112831 0.036027 -0.144711 0.014073 0.129131 -0.014908 0.050830 0.064526 -0.104570 0.092896 0.108688 -0.229939 -0.046271 0.088742 0.185959 0.087680 0.103189 -0.061106 0.069388 -0.030959 0.093293
h -0.214698 0.063122 0.025087 -0.094261 -0.054769 -0.171714 -0.003227 -0.110328 0.064342 -0.032768 -0.126830 0.060627 0.039375 0.102676 -0.178829 -0.261929 0.361019 0.069657 -0.031061 -0.197889 0.031781 -0.131497 0.107120 0.069355 -0.066805 -0.013874 0.064369 -0.270344 0.127758 -0.255386 0.173812 0.013226 -0.131929 0.046051 0.150444 0.147586 -0.056937 0.262214 -0.112957 -0.014234 0.034970 0.017431 0.099024 0.046773 0.158932 0.219345 0.033483 0.056760 0.062166 0.235523 -0.111984 0.127507 -0.263423 -0.000584 -0.252292 -0.114148 -0.244214 -0.058957 0.225090 -0.024870 0.196207 0.101910 0.104909 0.173889 0.123092 -0.216913 -0.117073 0.062102 0.260018 -0.125572 0.227628 0.042528 -0.072703 -0.128101 0.062911 -0.214708 0.190087 -0.177655 0.065614 -0.096904 -0.191984 -0.158749 0.133221 0.153671 -0.053351 0.203389 -0.055913 -0.013386 -0.179932 -0.000793 0.099101 -0.106441 -0.119605 0.167211 0.033169 -0.137760 -0.008758 0.138861 -0.225507 -0.112398 0.258948 0.136714 0.015889 0.203207 0.152999 -0.092042 -0.065380 0.061905 0.162518 -0.121356 -0.036533 0.001437 0.063800 0.055390 0.217902 -0.039804 0.127542 -0.256966 -0.177981 -0.098725 -0.116042 0.015263 -0.169956 -0.076734 0.122908 -0.079838 0.217256 0.090863 -0.119204 0.204888 0.123829 -0.155974 0.102630 0.085549 -0.086832 -0.095794 -0.133581 -0.296648 -0.163694 0.092218 -0.080524 -0.113134 -0.115778 0.122212 -0.236952 -0.012578 0.344145 0.089915 0.099220 0.164172 -0.046266 0.155004 0.079377 0.302627 -0.049155 0.053193 -0.205083 -0.168594 -0.262169 -0.076732 -0.295830 0.010610 -0.079946 -0.063220 -0.145015 -0.091478 0.023865 -0.154818 0.037563 0.205770 0.029497 0.023455 -0.034878 0.052692 0.222724 -0.033582 -0.038112 -0.093613 -0.207071 0.183696 0.108727 -0.341051 -0.181796 0.095818 -0.096634 -0.125910 -0.111423 0.019860 -0.255434 0.142269 0.186250 -0.007754 0.303123 0.252049 0.211500 -0.112030 0.019678 -0.022287 0.131537 -0.136320 -0.236650 -0.011595 -0.178374 0.192308 -0.221862 0.095426 -0.222574 0.157742 -0.041299 0.201401 0.058925 0.030880 0.087612 -0.059103 0.005125 0.068507 -0.080780 -0.158942 -0.060521 0.175628 0.052237 0.142716 -0.106497 0.056649 0.091296 -0.034434 -0.013756 -0.061324 -0.107044 0.297870 0.017826 0.048218 0.079190 -0.165723 -0.394986 0.090237 -0.395991 -0.143909 -0.219377 -0.041702 -0.005331 0.080015 -0.094488 0.232087 -0.080256 -0.011841 0.118486 -0.018878 0.171867 0.039815 -0.035606 0.089029 -0.139561 0.170166 -0.125266 0.071175 0.129626 -0.062864 0.093427 -0.056715 -0.098904 0.021944 0.191268 -0.020983 -0.013744 0.168226 0.001555 0.126761 0.045613 0.243583 0.081782 0.149903 -0.229564 -0.125659 0.038523 -0.049055 -0.073221 0.013579 0.107054 -0.240147 0.206325 0.223249 0.061827 -0.140308 -0.166944 -0.134888 0.166286 -0.016617 -0.129501 0.014191 -0.077400 0.113917 0.099883 0.173429 -0.077621 -0.192373 0.026651 0.044521 0.116245 -0.107260
ao 0.065411 -0.315641 -0.082097 0.127596 -0.202023 0.049806 0.319929 -0.175698 0.125992 0.041454 -0.107267 0.053789 0.243563 -0.169493 -0.053898 -0.088279 0.054147 -0.093167 0.005235 0.116355 -0.020599 -0.066624 -0.014789 0.137108 -0.015353 -0.205151 0.005172 -0.353533 0.118296 0.187365 0.018088 0.009119 0.051403 0.013584 0.252483 0.082958 -0.041324 0.153782 -0.098409 -0.000940 0.091878 -0.001525 -0.210587 0.026219 0.187029 0.099486 0.042897 -0.028475 0.032062 0.177687 -0.121990 0.056003 -0.194309 -0.004343 -0.114412 0.087051 0.265205 0.065880 -0.099937 -0.234080 0.093317 -0.026492 0.060521 0.030785 -0.138969 -0.010240 0.092631 0.029339 -0.070953 -0.081769 -0.162175 0.002252 -0.134117 -0.207745 0.143507 0.037544 0.120092 0.025386 0.009814 0.010127 0.113242 0.059446 0.010469 0.031681 -0.235683 -0.128000 -0.166038 0.097369 -0.036775 0.224193 -0.103625 -0.149727 -0.083365 0.194689 -0.175827 0.058581 -0.074840 0.067581 -0.080692 0.031516 -0.107523 -0.070455 -0.039702 0.270350 -0.034575 0.091398 -0.226422 0.044145 -0.005650 -0.099584 0.048213 0.422229 0.136248 -0.076613 -0.008935 0.186430 0.023469 -0.063518 -0.098639 0.121066 0.085042 -0.121448 -0.147387 0.071872 0.187417 -0.164348 0.105766 -0.165812 0.066876 0.099114 0.089961 -0.026069 -0.109849 -0.181455 0.106276 -0.102349 0.051227 0.105814 -0.005602 0.254189 0.182532 0.146662 0.049748 -0.054315 -0.249478 -0.026308 -0.251937 0.076387 0.053409 0.136006 0.022161 0.061251 -0.039390 -0.214142 -0.091809 0.003848 -0.047513 0.093988 -0.236302 -0.152128 0.169195 0.052442 -0.085305 0.336802 -0.143058 -0.048028 0.017201 0.036745 -0.080159 -0.070064 -0.177519 -0.113465 -0.005323 -0.194697 -0.063176 0.186595 -0.019480 -0.093006 0.015934 0.101893 -0.306741 -0.158352 -0.125531 -0.014630 -0.057404 -0.128514 0.204990 -0.083110 -0.035654 0.053256 0.029174 0.069387 0.135481 -0.078054 0.136330 0.124271 -0.082381 -0.156202 -0.030091 0.008089 -0.034238 0.170520 -0.196499 -0.063570 -0.418700 0.122815 -0.026996 -0.172688 0.048117 0.116531 0.128765 0.148199 -0.036276 0.160168 -0.070646 -0.331813 0.249837 -0.072795 -0.037341 0.183805 0.116855 0.072048 -0.051020 0.006804 -0.235534 -0.120459 0.081286 -0.040641 -0.006107 0.017117 -0.033353 0.188819 -0.096023 -0.037982 -0.013163 -0.112535 -0.061652 0.007936 -0.003629 -0.001995 -0.005027 0.009920 -0.148773 0.135858 -0.130046 -0.054654 0.131908 0.053437 0.030298 0.199496 0.005376 0.154649 -0.020240 -0.020446 0.126433 -0.113903 0.212646 0.156534 -0.037030 -0.102000 0.338320 -0.085932 0.065197 -0.366139 0.054243 0.212538 0.170724 0.085622 0.211220 -0.089996 0.047266 0.073738 -0.068681 -0.164300 -0.050646 0.022807 0.063519 0.168412 -0.192924 -0.151237 -0.124621 -0.079988 -0.002681 0.022004 0.194472 -0.235523 -0.026192 0.200001 -0.003509 0.043349 -0.297487 -0.054120 0.121189 0.056843 0.011441 -0.184298 -0.142242 0.190933 -0.199055 0.015059
ui -0.192242 -0.178820 -0.113012 -0.012233 0.085410 -0.045817 -0.170783 -0.209641 0.099153 0.127384 0.056013 0.034681 -0.025759 0.026068 0.096226 -0.215545 0.151821 0.163396 0.103009 -0.033556 -0.055488 -0.022872 -0.022577 -0.010098 0.031976 -0.092439 -0.003175 -0.100905 -0.087331 -0.228360 0.151541 -0.096974 -0.177491 0.073849 -0.005760 0.086292 0.025618 -0.107347 -0.029143 -0.167891 0.075769 0.006563 0.260696 0.033338 0.044945 0.157699 0.222005 0.124220 0.039327 0.034848 -0.179732 0.208093 -0.044421 -0.087244 -0.116121 -0.065542 -0.084587 -0.042564 0.085587 0.074871 0.088552 0.139873 -0.058039 0.098295 0.145422 -0.045111 0.053832 -0.131566 0.153291 -0.119077 0.057915 -0.009805 -0.019932 0.078522 -0.060068 -0.074338 0.028319 -0.060980 -0.099818 -0.111759 -0.185873 -0.203219 0.129140 0.149755 0.078207 0.218725 0.156720 0.016456 0.003404 0.102214 0.009948 -0.004985 -0.172074 0.020297 0.055283 -0.141086 0.013924 0.049866 -0.177962 -0.027927 0.062685 0.061205 0.029409 -0.008615 0.130791 -0.109839 0.041021 0.144846 0.029239 0.070824 -0.014586 -0.048311 0.241217 0.066675 -0.011607 -0.017475 0.004149 -0.357216 0.050338 -0.152177 -0.048540 -0.089983 -0.120699 -0.295420 0.119879 -0.037762 0.159711 -0.044337 0.004290 0.026223 -0.088129 -0.237141 -0.007533 0.181480 0.047815 0.012637 -0.193550 -0.170716 -0.113973 -0.105504 -0.094260 0.131336 0.077957 0.076872 -0.055645 0.001817 0.065156 0.058187 0.169394 -0.045018 -0.085249 0.181791 0.033567 0.169990 -0.160407 0.089923 -0.165614 -0.075486 -0.223522 -0.070607 -0.142150 0.118355 -0.094449 -0.135930 0.021512 -0.089388 0.004809 -0.152735 0.143963 -0.092907 -0.048002 0.179471 0.048198 0.071312 0.227632 -0.085492 -0.064609 0.034788 -0.042807 -0.087050 0.253427 -0.056012 -0.095769 0.075714 -0.014139 -0.183281 0.046041 0.174845 -0.038240 0.030010 0.169075 0.033849 0.087966 0.131062 0.082197 0.011706 -0.108626 0.005717 0.099365 -0.167520 0.053223 0.095566 -0.058592 0.031206 0.032933 -0.036371 -0.197972 -0.000948 -0.127265 -0.057630 0.088634 0.009329 -0.068304 -0.081695 0.006214 0.022072 0.001841 -0.194187 -0.142373 0.023372 -0.123295 0.090003 -0.075992 -0.129764 0.036195 0.157388 -0.121488 -0.250701 0.037125 0.090081 0.112837 0.092729 -0.075129 -0.090755 -0.227442 0.064595 -0.204570 -0.081824 -0.283826 0.104160 -0.101908 0.121571 -0.077192 -0.004092 0.011136 -0.054703 0.063415 -0.002791 0.167856 0.029045 -0.151908 0.019322 0.201023 0.216904 -0.109921 0.135208 0.114679 -0.092415 -0.114157 -0.020883 -0.214154 0.129437 0.058693 -0.032223 -0.134270 0.080988 0.010932 -0.030727 0.112388 0.202974 0.084180 0.068194 -0.103607 -0.224259 -0.124813 -0.175762 -0.035507 0.108383 0.213964 -0.162416 -0.001380 0.061942 0.026301 -0.156289 -0.013111 -0.124284 0.020039 0.053966 -0.073946 -0.157464 0.019220 -0.021511 -0.270090 0.066739 -0.043747 -0.172294 0.057923 -0.039681 -0.127934 0.092517
ch -0.215491 0.232378 -0.027632 0.112710 -0.091131 -0.041679 -0.098974 -0.028848 0.241147 -0.175907 0.012476 -0.212834 0.176864 0.065454 0.122816 -0.132326 0.252191 -0.010583 -0.044871 0.272352 -0.049661 -0.025883 -0.023022 0.001049 -0.227134 -0.147913 -0.131217 -0.066963 0.187396 0.074802 0.333791 -0.307784 0.150264 0.073279 0.078150 -0.065959 0.123542 0.156379 0.163681 0.094190 0.203637 -0.096959 -0.061009 0.059101 -0.037507 0.112535 -0.010469 -0.093409 -0.101922 -0.267125 0.000564 -0.283353 0.248199 0.073975 -0.115785 0.070417 -0.131805 -0.045776 -0.030921 -0.052839 0.114166 -0.007780 0.117980 0.240571 -0.140301 -0.084148 -0.063865 -0.025949 0.049433 0.164898 0.023693 0.036200 -0.058439 -0.121312 -0.017748 -0.002179 -0.100003 0.027927 0.140450 0.208759 -0.140632 0.148197 -0.197303 -0.027324 -0.050265 -0.099405 -0.187635 -0.099449 0.030929 -0.029896 -0.121739 -0.020988 -0.057145 -0.023507 0.026933 0.120306 0.069656 -0.066693 -0.183607 0.184229 -0.019637 0.031941 -0.097393 0.046347 -0.137750 -0.042263 -0.129681 0.212487 0.030047 -0.135348 -0.081191 0.294419 0.043956 0.028537 0.027704 0.180026 -0.035862 0.060861 0.126134 0.025323 0.074186 -0.063929 -0.236865 -0.101758 -0.056696 -0.187232 -0.045567 0.111412 0.138171 -0.120102 0.219562 0.106466 0.141874 -0.031897 0.119481 0.055909 -0.010589 0.179521 0.198116 0.048375 -0.116487 0.164830 0.063087 -0.058696 -0.065865 0.024761 -0.136684 0.151364 -0.077449 0.015729 0.146499 0.214822 -0.072052 0.220570 -0.053475 -0.048879 -0.189737 -0.104488 0.121650 0.136140 0.152583 0.134608 -0.089184 0.057114 0.242200 0.023983 -0.249312 -0.019246 0.210327 -0.101319 0.023936 -0.117430 -0.129763 -0.012398 -0.084929 -0.028680 -0.099604 -0.048206 -0.090352 0.398465 -0.124570 -0.085922 -0.228486 -0.065686 -0.122288 -0.159420 0.111124 0.069126 0.038183 0.014211 0.202816 -0.046822 0.048541 0.043281 0.084820 0.071824 -0.030119 -0.079033 -0.061454 -0.134094 -0.072064 0.138447 0.048881 -0.047661 0.031695 0.080883 -0.070741 0.092019 0.031898 -0.028049 -0.014553 0.067666 0.121592 0.046994 -0.068115 -0.026448 -0.003507 -0.068853 -0.058793 0.138096 0.113348 -0.225640 -0.005444 0.019059 0.055837 0.029389 0.005667 -0.190497 0.229957 0.073683 -0.178346 -0.036436 0.179027 0.143838 0.062700 0.088267 0.086346 0.028853 -0.141017 0.019709 -0.339256 0.051168 0.095906 -0.136241 -0.205525 -0.124897 -0.031284 -0.232995 -0.239950 -0.003930 0.188196 -0.112337 0.064065 -0.039820 0.006250 -0.330474 0.013005 0.139398 0.069534 0.142074 -0.039269 0.095563 0.194261 -0.050003 0.128447 0.086398 0.065306 0.063166 -0.142605 -0.228554 0.031523 -0.107263 0.184312 -0.008609 0.004604 0.161545 -0.035388 -0.243815 0.108884 0.097803 0.051590 -0.010065 0.185182 -0.258342 0.213367 -0.022018 -0.022815 0.269828 -0.010962 -0.111011 -0.256229 -0.025189 0.017215 0.055320 0.018617 0.130503 0.085574 0.071858 -0.180935 0.008258
ix -0.209796 0.181021 0.053789 0.132417 0.031883 -0.004919 0.162224 -0.078968 0.172642 -0.161456 -0.099592 -0.149759 0.039817 0.135413 -0.072689 -0.060305 0.042187 -0.054021 -0.021745 0.393453 -0.034164 -0.027248 -0.105657 -0.100849 -0.157672 0.044081 0.000978 0.053451 0.165217 0.121562 0.064406 -0.100819 0.040607 -0.243187 0.139585 -0.132327 0.146267 -0.034171 -0.070234 -0.084964 -0.012033 -0.051352 0.052518 -0.103109 -0.133074 -0.104367 -0.108329 -0.076714 -0.216712 -0.357072 -0.000055 0.021327 0.318823 -0.148072 0.082204 0.078754 -0.156821 -0.029405 0.015144 0.060477 0.002172 0.087874 -0.065488 -0.030365 -0.218590 0.082557 0.059723 -0.051527 -0.094223 -0.030658 0.015834 0.051794 0.018401 -0.183839 0.226849 -0.068973 -0.018102 0.167094 0.143796 0.009466 -0.117194 0.249081 -0.021899 -0.259064 -0.069527 0.131854 -0.259878 0.016743 0.144249 0.103617 0.015895 -0.003917 0.066393 -0.061771 -0.000369 0.088398 0.154652 -0.094454 -0.075456 0.073599 -0.088577 0.209289 -0.133165 -0.161902 -0.140321 0.027519 -0.208202 -0.046145 0.110788 0.114213 -0.048408 -0.044253 0.066530 -0.036500 0.133700 0.264081 0.186989 0.142274 0.093498 -0.003124 0.140083 -0.135889 -0.100792 0.276802 0.079172 0.151922 -0.226756 -0.041993 0.098681 -0.164892 0.084404 0.114950 0.078087 -0.027507 -0.086873 0.025889 0.063553 0.144698 0.103049 -0.290444 0.104778 0.183674 0.001421 0.102025 0.197160 0.005664 -0.139470 0.021023 0.000323 -0.145409 0.137984 0.019568 0.117331 0.124949 0.024931 0.192629 0.140516 -0.108227 -0.072773 -0.004403 0.020005 -0.021031 0.154809 -0.355703 -0.067823 0.126231 -0.047615 0.053250 0.026767 -0.085242 0.140783 -0.059623 -0.296509 -0.050322 -0.009700 -0.065863 0.079104 -0.046914 0.056608 -0.086791 -0.074907 0.039179 0.116408 -0.201308 -0.060613 -0.140229 -0.188417 0.154858 0.012316 -0.078711 0.190159 -0.025440 0.023893 0.100505 -0.051034 0.058634 -0.021418 0.053954 0.028578 0.015145 0.188290 0.070195 -0.053477 -0.057626 0.008023 0.119362 0.084396 0.179963 0.077577 0.054625 -0.079554 -0.292425 0.201428 -0.280414 -0.152472 0.019408 -0.042761 0.058086 -0.216972 0.130803 -0.035377 -0.017443 0.131308 0.025454 0.020286 -0.016023 -0.029847 0.085247 0.097404 0.137309 0.101064 0.010034 0.232655 0.163163 0.009017 0.054405 0.087550 0.256356 -0.112583 0.138747 0.053488 -0.084615 -0.054778 -0.040350 -0.098294 -0.016415 0.012540 -0.078878 -0.027525 0.246382 0.000977 -0.159773 0.001714 0.058190 0.149275 -0.004821 0.046947 -0.052153 -0.108708 0.111960 -0.041107 0.160219 0.077517 0.090925 -0.026952 0.020674 0.235214 -0.033399 -0.034368 -0.014452 -0.087503 0.123254 0.155891 0.158641 0.089745 0.096191 -0.006058 -0.200733 0.253449 0.176378 0.035649 0.022903 0.245257 -0.225432 -0.008151 -0.014502 -0.007983 -0.022998 -0.051401 0.090252 -0.035135 0.208093 0.083348 0.026426 0.142429 0.307048 -0.157774 -0.058785 0.200474 0.021304
an 0.164023 -0.052879 -0.277354 0.147877 -0.173582 -0.245663 -0.056822 -0.206864 0.018806 0.053006 -0.102554 0.054272 0.015940 -0.106435 0.075256 0.118305 0.179188 -0.164181 -0.034944 0.383320 -0.124905 0.028729 -0.062987 -0.072488 -0.099065 -0.203386 -0.066624 -0.094216 -0.059764 0.251255 -0.044209 -0.040166 0.197421 0.089225 0.036985 0.035672 -0.114120 0.138210 -0.058103 0.077333 -0.038018 0.008112 -0.088735 -0.068376 0.060655 0.040039 -0.019654 -0.009355 -0.061474 0.055760 0.019686 -0.269181 0.052353 -0.172226 -0.243737 0.076430 0.118982 -0.281407 0.093431 -0.159958 0.051837 -0.094982 0.255831 0.094507 0.059480 -0.106162 0.120691 0.070936 -0.068533 0.073908 0.080224 0.051757 -0.013540 -0.037247 -0.099667 0.212892 0.056393 -0.171604 -0.089235 0.213033 0.067476 -0.053447 0.108221 0.173401 0.106006 0.002103 0.022561 -0.038685 0.105670 0.123759 -0.013430 0.011095 -0.119046 -0.117836 -0.146667 0.185704 0.209096 -0.036625 -0.125874 0.023107 -0.105733 0.168587 0.025350 0.058065 -0.161858 -0.325359 -0.093778 -0.103090 -0.260078 -0.011163 0.018324 0.078673 0.177359 0.003148 -0.269857 -0.155625 -0.120256 0.151059 -0.088873 -0.152008 0.253339 0.017216 -0.024458 -0.052046 -0.171550 -0.153286 0.182379 0.074227 0.144944 -0.056908 0.152391 0.180900 -0.013328 -0.226358 -0.011287 -0.057700 0.162740 0.217785 0.011700 0.005098 -0.317562 -0.050711 0.022746 0.232060 -0.155388 -0.102045 -0.238062 -0.026443 0.231946 0.113989 -0.012729 -0.012150 -0.177670 -0.050886 0.034284 0.051229 -0.106496 0.064816 -0.070623 -0.044908 0.084155 0.123272 -0.115521 -0.190971 0.103261 -0.018471 -0.111991 -0.055406 0.082162 -0.070732 -0.155671 0.180677 0.057943 0.221138 0.126880 -0.061207 -0.062684 0.123801 -0.050637 0.030390 -0.186170 0.078014 -0.125113 -0.108434 0.000595 -0.258080 0.006104 0.380019 0.023118 -0.080471 0.101128 0.155383 0.004696 -0.037981 -0.016276 0.169706 0.102263 -0.210665 0.098067 0.118385 0.090965 -0.022161 -0.005695 0.043628 -0.153096 -0.136506 0.029170 0.129281 0.018717 -0.041098 -0.019554 0.154055 -0.005765 -0.083742 0.016061 -0.284228 0.187846 -0.009581 -0.043893 -0.030781 0.090340 0.138018 0.049580 0.177586 -0.126976 -0.125803 -0.118951 -0.261400 0.111230 -0.053214 -0.035144 -0.044374 0.051738 0.147113 -0.024341 -0.014617 0.191980 0.243723 -0.135381 0.048777 0.027518 -0.001921 0.027495 0.031967 0.057533 -0.036781 0.097812 -0.005208 0.020448 -0.179188 -0.080019 0.145194 -0.039500 -0.152896 -0.092438 -0.180214 0.095061 0.142428 -0.249430 -0.106600 -0.051077 0.027939 -0.101425 0.183980 0.160763 -0.175159 -0.121831 -0.106373 0.120322 0.018868 -0.176053 0.055216 0.013143 -0.202961 -0.135303 -0.032468 0.284724 0.143729 0.140864 -0.089167 -0.270712 0.028550 0.052097 -0.099940 0.200032 -0.182396 -0.069544 0.096989 -0.221537 -0.206545 0.035318 -0.020382 -0.093763 -0.186692 0.098590 -0.156821 -0.009361 0.184119 -0.196359 0.217750
ang -0.156455 0.177076 -0.072184 0.010684 -0.078759 -0.106290 0.116321 -0.140440 0.166938 -0.237784 -0.030378 -0.228369 0.240166 0.092706 0.107094 -0.025623 0.350103 -0.141549 -0.112268 0.271579 -0.034907 -0.097303 -0.002862 0.019334 -0.202952 0.003575 -0.075179 -0.062861 0.150475 0.074515 0.115523 -0.060265 0.147701 0.055381 0.061856 -0.058385 0.115781 0.153893 0.039220 0.079101 0.167345 -0.168503 -0.104660 -0.060020 -0.090807 0.204093 -0.188987 -0.054050 -0.114252 -0.144286 0.059673 -0.327746 0.074962 -0.028054 -0.059008 0.115464 -0.244471 -0.227079 0.086111 -0.130708 0.177094 -0.029283 0.098409 0.151938 -0.194965 -0.339704 -0.004152 -0.054468 0.053840 0.154519 0.108996 0.050017 -0.192350 -0.097864 -0.178992 -0.151607 -0.026350 0.107325 0.213127 0.085643 -0.140822 0.180842 0.029666 -0.058326 -0.009419 0.052494 -0.239904 -0.040861 -0.123442 -0.122016 -0.021154 -0.199269 0.005527 -0.140375 0.154912 0.138976 0.207793 0.129942 -0.208248 0.110468 -0.047809 0.057653 -0.264527 0.036340 -0.122034 -0.160093 -0.272746 0.078906 0.088217 -0.041027 -0.122692 0.224134 -0.044830 -0.002908 0.151918 0.071656 -0.088629 0.088031 -0.027064 0.100164 -0.107870 -0.089969 -0.112381 0.014920 -0.153263 -0.049171 -0.001890 0.086299 0.170946 -0.077686 0.240344 0.268451 0.103501 -0.149814 0.118753 0.043072 -0.002898 0.097089 0.082518 -0.052991 -0.191637 0.013693 -0.062844 0.102728 -0.200950 -0.053571 -0.083692 0.197087 0.158496 0.142739 0.115639 0.210829 -0.019650 0.126989 0.039289 -0.042059 -0.109378 -0.274355 0.044767 0.013684 0.038838 0.153962 -0.009625 -0.119857 0.092195 -0.148291 -0.267847 0.046667 0.158693 -0.011629 0.078039 0.173983 -0.300790 0.058769 0.198024 -0.044492 -0.220077 0.030220 -0.105445 0.246855 0.060598 0.074173 -0.025721 -0.142246 -0.015348 0.133049 -0.149661 0.235023 0.024802 -0.005281 0.080691 0.160089 0.108917 0.236891 0.079166 0.015190 0.124934 -0.114218 -0.252038 0.046418 -0.112027 0.027291 -0.049998 0.053300 -0.059691 0.225126 -0.046109 0.061782 0.052148 0.075106 0.021603 0.101064 0.156043 -0.114179 -0.099732 -0.064970 0.017462 0.045994 -0.011141 0.134747 -0.084535 0.013151 -0.059244 0.106667 0.018537 -0.055605 0.048324 0.039098 0.199321 0.087230 -0.173977 -0.169188 0.187177 0.187153 0.084830 -0.008703 -0.094706 0.029722 0.017244 -0.024887 -0.170095 0.084798 -0.117723 -0.077279 -0.084863 -0.171528 0.063481 -0.113205 -0.119143 -0.091076 0.096081 -0.080039 -0.183721 -0.100695 0.100229 -0.263423 0.029575 0.125073 0.088847 0.165344 -0.015555 0.012270 0.131542 0.030354 0.163472 0.053845 -0.098384 -0.061833 -0.043154 -0.013706 0.102341 -0.036333 0.113188 -0.060356 -0.016153 0.201899 0.009634 -0.038982 0.063672 0.061135 0.098931 0.026346 0.289840 -0.241417 -0.017317 -0.052534 -0.070490 0.253338 -0.078725 -0.125786 -0.099409 -0.090749 0.225011 -0.124419 0.113964 -0.042346 0.126006 -0.021384 -0.004706 -0.023041
uo 0.052116 -0.079242 -0.085156 -0.086235 0.103818 0.042876 -0.004743 -0.157635 -0.219571 0.066348 0.033824 -0.079227 -0.018411 -0.120321 0.113052 0.003751 0.037454 -0.132482 -0.104384 -0.087379 -0.029276 0.051071 -0.096252 -0.037494 0.004021 -0.085272 -0.048028 -0.135412 -0.076380 0.162475 0.197383 -0.030694 -0.269475 0.040713 0.043796 0.021554 0.132741 -0.088397 -0.016415 -0.100361 0.289746 0.008084 0.106670 0.006953 0.041670 0.142583 0.058449 -0.102099 -0.118572 -0.037904 -0.047183 0.190605 -0.218887 -0.010838 -0.047596 0.062964 -0.104021 0.111774 0.178166 -0.112287 0.208813 0.171218 0.017601 0.049286 0.138535 0.049364 -0.096637 -0.077542 0.065871 -0.149008 0.013959 -0.166398 -0.059971 0.041344 0.252133 -0.014435 0.143062 0.030280 -0.031811 0.018258 -0.078177 -0.158805 0.067267 0.101583 -0.047606 0.038788 0.148231 -0.035878 -0.150003 -0.095022 -0.169100 -0.037678 0.120932 -0.024549 0.072520 -0.169832 -0.224675 0.129019 -0.010545 0.131323 0.036506 0.004049 0.086553 -0.088051 0.065741 -0.039316 0.132306 0.033746 0.023212 -0.118217 0.144555 0.010717 0.107232 0.274699 -0.023085 -0.102409 0.089885 -0.280717 0.096719 -0.084133 -0.081880 0.003433 -0.125904 -0.203018 0.196840 0.118360 0.171908 -0.047558 -0.167633 0.080127 0.118712 -0.132150 -0.013981 0.036380 -0.096026 -0.016586 -0.187985 -0.105514 -0.070690 -0.140010 -0.152049 -0.001360 0.184063 0.124071 0.016345 0.025186 0.169736 -0.090213 0.044934 -0.008768 -0.238972 0.242637 -0.004137 -0.096432 -0.212511 -0.004543 -0.034088 0.025386 -0.165071 -0.061989 0.176404 0.248065 -0.222606 -0.076555 0.183599 -0.100087 0.034479 -0.154553 0.009590 0.000997 -0.226246 0.077830 0.010372 -0.112613 0.021296 0.106431 -0.161124 0.139085 -0.135371 -0.127944 -0.015188 -0.126329 0.040059 0.132149 -0.075289 -0.135159 -0.068658 -0.001066 -0.140896 0.169279 0.174251 -0.204083 -0.050441 0.153077 0.019229 -0.141909 -0.232323 0.079727 -0.011614 -0.189888 -0.079488 0.197018 -0.134081 -0.027350 -0.018245 -0.193306 -0.233463 -0.115076 -0.078167 -0.065300 -0.176722 0.068721 0.137879 0.073169 0.007899 0.115093 0.007017 -0.370848 0.088499 0.058235 -0.079289 -0.121430 -0.088137 -0.015465 0.039056 0.151411 0.065964 -0.265064 -0.075867 0.121753 0.036881 0.029752 -0.125982 0.073427 -0.030239 -0.137709 0.233431 -0.083673 -0.141143 -0.095673 -0.129408 0.005883 -0.142679 0.100728 0.021618 -0.051433 0.216947 -0.212629 0.084202 0.204491 -0.207576 0.132102 -0.014733 0.133328 0.118797 0.158716 -0.204740 -0.104497 0.046157 -0.009591 -0.048173 -0.035611 0.095597 -0.265201 -0.074897 0.114050 0.057690 0.109131 -0.026589 0.006402 0.079486 0.084541 -0.064905 0.001485 -0.144759 0.088504 0.112676 -0.067959 0.112210 -0.174407 -0.295447 -0.034057 -0.080237 0.042039 -0.057139 -0.098209 -0.070227 -0.039101 -0.086215 -0.091962 0.134038 0.065310 -0.182374 -0.038926 0.114986 -0.148154 -0.054123 0.000445 -0.061352 0.345355
ua -0.311105 0.152127 0.090266 -0.162384 -0.083800 -0.066697 -0.130711 -0.055781 0.014280 -0.144594 -0.121630 0.103268 -0.028813 -0.054624 -0.105046 -0.231792 0.246931 0.175487 -0.128895 -0.314556 0.170572 -0.188776 0.068002 -0.122665 -0.035735 0.057223 0.148709 -0.194938 0.130736 -0.204049 0.102634 -0.030718 -0.097658 0.163913 0.179889 0.174338 -0.133879 0.123798 0.008673 -0.066191 -0.109206 -0.085809 0.098578 0.088449 0.178551 0.100632 -0.037667 0.057086 0.139329 0.187968 -0.044658 0.064284 -0.157597 0.121103 -0.138448 0.050978 -0.401071 0.013771 0.191749 -0.101004 0.013147 0.169489 0.131142 0.211634 0.139972 -0.163074 0.066973 0.111281 0.126312 -0.075795 0.099522 0.059880 0.114022 -0.196110 -0.008516 -0.080769 0.134205 -0.193657 -0.092899 -0.005906 -0.247648 -0.316469 0.217514 0.133296 0.070942 0.427155 0.022837 -0.166812 -0.208028 0.021417 0.051447 0.031889 -0.186239 -0.012995 -0.030935 -0.252541 -0.007624 0.037611 -0.019922 -0.273571 0.268015 0.223185 0.058787 0.048542 0.039914 -0.000776 0.037382 -0.113427 0.156135 -0.145000 -0.067317 -0.019994 -0.014789 0.206298 0.254799 -0.028372 0.155961 -0.125547 -0.172475 -0.108532 -0.198487 0.130121 -0.200137 -0.129776 -0.057145 0.020758 0.190374 0.128731 -0.208565 -0.030899 0.076468 -0.160814 0.076126 -0.031554 -0.035620 0.045072 0.147038 -0.212877 -0.034279 0.064158 -0.033407 -0.086401 -0.178547 0.066205 -0.091663 0.060160 0.367406 0.027077 -0.114525 0.186227 0.040760 -0.077907 0.170997 0.453264 -0.174689 -0.081734 -0.079910 -0.258382 -0.052428 0.007152 -0.173584 -0.132596 0.116966 -0.273790 -0.110886 -0.032656 -0.051199 -0.156668 0.016622 0.159537 0.096061 0.110513 0.055385 0.090201 0.222300 -0.134044 0.135679 0.012264 -0.190423 0.180959 0.173257 -0.360161 -0.066564 -0.006616 -0.029602 -0.098965 -0.167786 -0.047016 -0.433716 0.095256 -0.007685 -0.194369 0.266924 0.296560 0.151071 -0.046052 0.132965 -0.098189 0.064707 -0.115480 -0.273671 -0.134050 -0.204338 0.401088 -0.178970 0.094933 -0.284585 0.092155 0.122002 0.186773 -0.109935 0.051160 0.060151 -0.043303 -0.051560 0.154751 0.036365 -0.055128 -0.021774 0.001115 0.209752 0.102367 -0.278270 0.049066 0.100020 -0.162301 0.122876 0.088022 -0.071215 0.262479 -0.027287 0.028078 0.138128 -0.099518 -0.338276 0.114209 -0.128152 -0.273254 -0.167680 0.019925 -0.114957 0.098307 0.135120 0.098357 -0.084313 -0.015499 0.167782 -0.039719 0.016942 -0.058373 0.038011 0.036176 -0.079555 0.175482 -0.246112 -0.098472 0.038058 -0.066871 0.222500 -0.077068 -0.099755 -0.046035 0.108045 0.265853 -0.045347 0.063172 -0.082147 -0.088359 0.100774 0.128751 0.261532 0.139763 -0.153207 0.031895 0.056892 -0.063583 0.036839 -0.097811 0.175923 -0.266206 0.228355 0.146637 0.086718 -0.111358 -0.124497 -0.213640 0.153335 -0.201974 -0.298433 -0.101842 -0.181225 0.196462 -0.038288 0.129801 0.142942 -0.146245 -0.043277 0.089136 0.235389 -0.228496
q -0.023067 0.248658 0.106194 -0.077352 0.074738 0.230373 -0.017600 0.081136 0.110876 -0.048204 0.047648 -0.037572 0.128202 -0.022848 -0.119324 0.052973 -0.013950 -0.010584 -0.035735 -0.175402 0.259709 0.168557 -0.173319 -0.175854 -0.116680 -0.044374 0.051274 0.160186 -0.014095 0.116222 -0.141145 0.182460 0.094594 0.049968 -0.045439 0.070995 0.177329 -0.005117 0.144003 -0.089898 -0.046190 0.157646 -0.077918 0.086930 0.021939 0.004064 -0.065894 0.048076 0.181169 0.028856 -0.043742 -0.207839 0.156721 -0.035147 0.033764 0.143553 0.140487 0.068695 0.024982 0.115531 -0.071084 -0.161855 0.076606 -0.038670 -0.033765 0.079764 -0.033518 -0.020565 -0.002932 0.111982 -0.040154 0.029181 0.030953 -0.176136 -0.147335 -0.008434 -0.050260 -0.212425 -0.117093 0.169848 0.113631 -0.041749 -0.022077 0.184263 0.110113 -0.291722 0.131686 -0.046474 -0.032314 -0.197451 -0.088227 0.248900 0.000585 -0.196299 -0.004932 -0.070600 -0.031205 -0.024712 0.087544 0.025622 0.052770 0.014456 0.166749 -0.171408 0.060635 0.165146 -0.115593 -0.202286 0.036155 -0.300988 -0.157997 0.066795 -0.333193 0.072858 -0.189554 -0.074038 -0.196174 0.131719 0.044451 -0.094408 0.044210 0.144230 0.106000 0.005291 0.006331 0.122623 0.012045 0.267423 -0.167481 -0.111356 -0.079278 0.031303 -0.114173 0.113213 0.015588 0.200590 0.079864 -0.033428 0.074515 -0.073673 -0.159012 -0.128757 0.045875 -0.033580 0.090137 0.136364 -0.172739 0.012881 -0.034175 0.191585 0.015467 -0.127634 0.043225 -0.155141 -0.052742 -0.012825 -0.009203 -0.198202 0.365250 0.121033 0.146301 -0.098003 -0.030260 0.063194 0.123322 -0.004671 0.051140 -0.027007 0.058108 0.162574 0.129943 0.213172 0.046396 -0.071016 0.005725 0.092550 -0.068172 -0.016292 -0.058099 0.015284 -0.062632 0.067125 0.015998 0.025176 -0.157815 -0.021248 -0.106638 -0.235564 -0.081006 -0.048880 -0.079293 0.148743 0.205483 0.162959 -0.158205 0.084916 0.047883 -0.010939 -0.052466 0.069960 0.202703 -0.072053 0.063248 -0.008316 0.111941 -0.208754 0.085150 0.092648 0.098262 -0.150203 -0.059612 0.013684 -0.036898 0.014751 0.247577 0.202325 -0.073498 -0.055924 0.050672 0.124608 0.101188 -0.043840 0.080351 0.042740 -0.080729 -0.014962 0.058590 0.039271 -0.142625 0.088642 -0.129864 0.104662 0.052520 0.218624 -0.000526 0.019311 0.093043 -0.027745 0.110663 0.084020 0.039505 -0.122205 0.053908 -0.310156 0.184426 -0.134884 0.016029 -0.019925 -0.093805 -0.323867 0.153479 -0.057217 -0.101158 -0.062241 0.014421 -0.168413 0.044727 -0.082832 0.265039 0.015367 0.007931 -0.166263 -0.093336 0.055529 -0.168554 -0.228356 -0.255934 -0.184646 0.021531 -0.101263 -0.109259 -0.001700 -0.013552 0.001155 0.131417 0.022140 -0.092646 -0.070830 -0.083787 0.049417 0.047778 -0.036580 -0.073204 0.044974 -0.058836 -0.202226 0.234492 0.022088 -0.110275 0.217809 0.211806 -0.054655 -0.038779 -0.087905 0.049728 0.248514 0.065747 0.201085 0.237008 -0.048907
uan -0.286046 0.004416 -0.076769 -0.002953 0.070683 0.235950 -0.235319 0.012120 0.285454 0.083481 0.144921 0.036959 0.074283 -0.110192 0.100180 0.116851 0.136604 -0.036635 0.104652 -0.233638 -0.017251 -0.153816 -0.113518 -0.046068 0.091144 -0.004219 -0.183821 -0.149667 0.007422 -0.052041 0.173163 -0.031987 0.029252 0.113384 0.012759 -0.103583 -0.041157 -0.058660 0.142525 0.044470 0.207906 0.075759 0.211376 0.084738 0.001191 -0.001997 -0.009405 0.041189 -0.081203 -0.047003 0.029373 0.008061 -0.151480 0.090357 0.009638 0.160383 0.054329 -0.165716 -0.022668 0.063643 -0.064475 0.024490 0.040327 -0.032427 -0.076641 0.047063 0.039302 -0.118423 0.007745 0.008022 0.001571 0.138117 -0.028648 0.153290 0.036369 -0.062143 0.087252 -0.061302 -0.040200 -0.046691 -0.109821 0.025455 -0.120666 0.160493 -0.044343 -0.110048 -0.083458 -0.082616 -0.064616 0.040155 -0.069910 0.018073 -0.039345 -0.000189 0.044355 0.033072 -0.049712 0.020990 -0.033528 0.054416 0.114520 -0.179678 0.095445 0.137457 0.094131 -0.070127 0.280917 0.112143 -0.095853 -0.027125 -0.083079 0.106761 -0.213204 0.015422 -0.129482 -0.089201 -0.022639 -0.212538 0.063281 -0.001982 -0.138718 0.155288 -0.109026 0.007961 0.143513 -0.311356 0.054453 -0.164520 0.096646 0.152918 -0.027682 -0.161729 0.084173 -0.144117 0.062465 -0.026182 -0.050913 0.037644 -0.086702 0.127978 -0.232720 -0.066266 -0.019531 0.032945 -0.039008 0.158189 0.209996 0.011371 0.022048 0.019298 0.139815 0.010624 -0.133239 -0.040793 -0.041640 -0.060217 -0.044255 0.070344 -0.065417 0.047556 -0.188908 0.029957 -0.071642 0.221883 0.035723 -0.151051 0.028648 -0.127783 -0.011238 -0.011558 -0.084827 -0.051716 0.053812 -0.002947 0.050413 -0.241965 -0.097783 0.028193 -0.153800 0.176267 0.197995 -0.121558 -0.002878 0.105163 -0.163993 0.013053 0.173664 -0.069878 -0.049833 0.002023 0.003593 0.044153 -0.152099 -0.125566 0.085097 0.027333 -0.039432 -0.043981 -0.047524 -0.082889 0.035379 0.039367 0.059235 -0.023820 0.033520 -0.170287 -0.051882 -0.046011 -0.039156 -0.152924 -0.001614 -0.114212 0.073380 0.168572 0.136391 0.139673 0.055703 -0.009591 -0.070550 -0.001047 0.126349 -0.086311 -0.086620 0.099231 -0.119976 0.067524 0.060287 -0.119662 0.029092 -0.251483 0.012642 -0.139166 -0.024036 0.133997 0.028527 -0.099587 -0.070778 -0.153016 -0.119639 -0.135991 -0.174238 0.010023 -0.108603 -0.235984 -0.061463 -0.204983 -0.065867 -0.055311 0.024063 -0.017981 0.055652 -0.165260 -0.082370 0.217032 -0.062612 -0.112990 0.000697 -0.131520 0.065391 0.102596 -0.077290 0.057025 0.039412 -0.096618 0.132216 0.014619 0.105560 0.177037 -0.163543 -0.143136 0.292039 -0.123428 -0.029169 -0.042900 -0.014965 0.188340 -0.046917 -0.071820 -0.021033 -0.017594 0.094925 -0.034732 -0.038762 -0.083127 0.053537 0.021933 -0.071879 -0.059370 0.043111 0.112335 0.011203 -0.058962 -0.076201 -0.048126 0.044978 -0.113188 0.089356 0.064487 0.056392 0.019654
ei 0.173665 -0.114823 -0.177396 -0.052719 0.003430 -0.074006 0.058291 -0.129083 -0.379893 -0.113224 -0.031460 0.000083 0.055193 -0.124653 0.166985 0.227853 0.081872 0.104440 0.009112 0.139678 -0.200034 -0.089174 -0.017478 -0.078766 0.256345 -0.048802 -0.033104 0.226580 0.162586 0.070638 -0.066849 0.071815 0.098730 0.086416 -0.221957 -0.078909 -0.079364 0.103290 -0.067411 0.079319 0.255579 -0.092758 -0.117135 0.037723 0.110872 0.044890 -0.001973 -0.017840 -0.132149 0.229411 0.294897 0.088588 -0.074049 0.138204 0.119572 0.051276 -0.066219 -0.051741 0.200310 -0.270014 0.064501 0.012002 0.091774 0.210470 0.195649 -0.130334 0.083547 0.187292 0.236896 0.038357 -0.055908 -0.062533 0.059346 -0.041233 0.088238 -0.019851 0.176678 0.099318 0.084661 -0.135688 0.138186 0.130631 0.213880 -0.045219 -0.029691 -0.185254 0.084024 -0.057343 0.025675 -0.203188 -0.210127 -0.176055 -0.005680 -0.038899 0.257381 0.148354 -0.048627 -0.099424 0.001057 -0.026899 -0.073716 -0.133546 -0.046901 0.057147 0.191956 -0.043265 -0.057267 0.021488 -0.027792 0.102858 0.140581 -0.167664 0.006245 -0.179704 -0.096598 -0.121691 -0.022009 0.183160 -0.130000 -0.029836 -0.224549 -0.057205 -0.147156 0.015736 -0.051605 -0.176654 0.089964 0.091586 -0.241385 0.344701 0.215971 -0.066537 0.148698 -0.082187 -0.138988 -0.084278 -0.133549 -0.091250 0.100404 0.065067 -0.073380 -0.307766 -0.120397 0.098421 -0.073091 0.083773 0.201623 -0.122294 -0.083838 0.214279 -0.088712 -0.063535 0.042238 0.007939 0.070577 0.045888 -0.064737 0.083843 -0.071605 0.208283 0.123470 -0.092056 -0.069686 0.157506 0.043775 -0.156820 0.033239 0.125791 -0.077824 0.292090 0.031637 -0.152000 -0.082866 -0.126499 0.004976 0.105452 -0.175682 -0.045511 -0.129652 0.228061 -0.026793 0.223842 0.051357 0.060695 0.219048 0.211234 -0.163153 -0.133172 0.026200 -0.021282 -0.173539 -0.016546 -0.172412 -0.282567 -0.024792 0.044698 -0.064072 -0.189137 0.032369 0.081680 -0.100800 0.039629 0.123150 0.055361 -0.043936 -0.030198 0.084538 -0.250532 -0.087662 -0.042717 -0.344341 0.341524 0.138176 0.168283 -0.014875 -0.048208 -0.166112 -0.219693 0.041951 -0.031521 -0.036241 -0.163568 0.279537 -0.094805 0.038164 0.070591 0.123025 0.100220 -0.103842 -0.149299 0.035953 -0.166578 -0.028305 -0.018906 0.020083 -0.446547 0.053884 -0.084383 0.162439 0.043819 -0.048551 0.071527 0.035248 0.028285 0.006469 0.044265 0.026062 0.104908 -0.152282 0.051575 -0.154284 0.318983 -0.141339 0.010621 0.040498 0.071627 -0.157364 0.158773 -0.263115 0.032853 0.060524 0.164897 0.208828 0.094118 0.352388 0.071920 -0.043972 0.085364 0.028806 -0.315441 0.025042 -0.112481 -0.069543 0.088881 -0.188280 0.176417 0.011466 0.035123 -0.063406 -0.019978 0.037772 -0.130903 -0.085531 0.233264 -0.049836 0.109523 -0.089358 -0.101573 -0.059493 -0.085264 0.020207 -0.249272 0.202982 -0.008883 0.131196 -0.188621 0.067806 -0.076440 0.009373 -0.102235
ong 0.076061 -0.010294 0.103020 0.050477 -0.080245 0.193395 -0.032104 -0.068752 -0.071698 0.073437 0.048153 -0.153346 0.059920 -0.011723 -0.068641 0.050940 -0.043369 -0.285459 -0.091628 -0.230102 0.023672 -0.072727 -0.013970 0.142295 -0.037487 0.084010 -0.088822 -0.281392 -0.084748 0.020599 0.255262 -0.140165 -0.150499 0.018387 0.155780 -0.186594 -0.090698 0.113316 0.044059 0.291483 0.013638 0.016370 0.170077 0.052905 -0.087475 0.172478 -0.012762 -0.178998 -0.182366 -0.051791 0.131524 -0.025376 -0.206695 -0.211070 -0.138417 0.093230 0.130029 0.133983 -0.083573 -0.079353 -0.010476 0.066165 -0.040248 0.009601 -0.054078 0.118176 -0.111392 0.084615 0.011766 -0.078188 0.013849 -0.015498 -0.063869 0.045151 0.297546 0.102490 -0.000912 -0.039989 0.049579 -0.004737 -0.120063 0.043935 -0.123675 0.133847 0.001523 0.021573 0.036026 -0.125207 -0.146788 0.218212 -0.153426 0.061278 0.321045 0.003885 -0.102970 0.106756 -0.280402 -0.002551 -0.062171 0.216045 0.191467 -0.011355 0.205662 -0.096044 -0.130013 -0.236433 0.251568 -0.093284 -0.062308 -0.100724 0.094403 0.116820 -0.046236 0.313327 -0.163892 -0.043226 0.033446 -0.001773 0.083223 0.093666 0.103667 0.121347 -0.078957 0.074237 0.113614 -0.089851 0.249496 -0.038597 -0.037740 -0.125332 0.032575 -0.128954 0.052377 -0.216701 -0.106252 -0.098816 0.046422 0.075227 -0.010970 0.039945 0.022807 0.048387 0.120755 0.133696 0.091456 0.162217 0.115889 -0.143333 -0.043185 0.036847 -0.106170 0.102791 -0.128998 -0.167883 -0.039863 0.006108 -0.118606 0.116565 -0.153789 -0.105695 0.119350 0.276234 -0.093397 -0.045431 0.225171 -0.053502 0.015591 -0.326055 0.019538 -0.048361 -0.343438 0.079741 -0.090479 0.040912 -0.022374 -0.038522 -0.095391 0.109125 -0.110192 0.022519 -0.080591 -0.104431 -0.097513 0.109432 -0.091072 -0.187169 0.128425 0.006917 -0.010859 0.113518 0.180324 -0.219331 -0.181481 0.144332 0.046451 -0.010759 -0.102392 -0.028246 -0.119317 -0.170941 -0.034431 0.195787 -0.032632 -0.041387 0.083450 -0.155631 -0.166612 -0.012618 0.075390 0.011814 -0.067953 -0.136674 0.016449 -0.018585 -0.079131 0.032696 0.131522 -0.108102 -0.079851 -0.301445 0.172406 -0.115405 -0.145329 0.037939 -0.058844 0.041258 0.231744 -0.207220 0.065969 -0.002307 0.203838 -0.103778 -0.114297 0.178912 -0.018337 0.002465 0.476887 0.104371 -0.130767 -0.052496 -0.059127 0.010589 0.051616 -0.030380 -0.043223 -0.030858 0.110550 -0.206576 -0.066400 0.073226 0.126655 0.069337 -0.234544 0.017212 0.049751 -0.085969 -0.117163 0.076519 -0.019970 0.008682 0.059649 -0.092521 0.125738 -0.132447 0.057519 -0.079006 0.070978 0.051721 0.021639 0.091843 0.215821 -0.073069 0.050933 -0.028762 0.054295 0.099155 0.263671 -0.081312 -0.181573 -0.037460 -0.235594 -0.073317 0.084923 -0.020957 0.047823 -0.037651 -0.217903 0.010573 0.045057 -0.051306 -0.036647 0.272782 -0.114037 0.040944 0.106357 -0.155515 -0.137209 0.049524 -0.074517 0.341105
in 0.050672 0.128845 0.081560 -0.091260 -0.025701 -0.116708 -0.135481 0.174160 -0.117023 -0.178966 0.202627 -0.116933 -0.091985 0.020507 0.034671 0.077141 0.090250 -0.301866 -0.137688 -0.089468 0.053416 0.005250 0.111542 -0.048162 -0.087053 -0.064043 -0.103636 0.095465 0.083043 -0.176165 -0.104428 -0.030182 0.021377 0.006653 -0.113097 -0.089817 -0.051458 0.087922 -0.027978 0.068049 -0.020756 0.064521 -0.382331 0.157113 0.015112 -0.148434 -0.037475 -0.025452 -0.004923 0.101215 -0.057154 -0.273285 -0.018612 0.096469 0.037846 -0.234280 0.078749 0.060780 0.024314 0.142068 -0.027966 -0.332634 0.048029 -0.108126 0.283482 -0.052813 0.066840 0.007764 0.023741 0.141942 0.296299 -0.030204 -0.054513 0.058328 -0.164269 0.175869 -0.158823 0.006079 -0.033430 0.054664 0.074404 -0.086127 0.153247 0.029892 0.043023 0.180869 0.025050 -0.048110 0.015928 -0.058654 0.048285 -0.031934 -0.070187 0.036897 -0.020409 -0.083635 0.107917 0.026856 0.052728 0.133619 0.153771 -0.091036 -0.003279 -0.151862 0.059205 -0.117740 0.136494 -0.034383 -0.219347 0.196638 0.228950 -0.037185 0.135412 0.077376 -0.137426 0.046993 0.103272 0.131597 -0.018459 0.082953 0.258467 0.152174 0.189015 -0.331616 -0.222229 -0.021994 -0.003949 0.183353 0.107610 -0.143036 0.032992 0.187054 0.116775 0.162931 -0.116019 -0.129971 -0.103236 -0.118728 -0.180853 -0.064100 -0.062463 0.056057 0.001079 -0.180605 -0.058199 -0.127718 -0.006828 -0.053567 0.095176 0.062534 -0.008379 0.049725 -0.359161 0.243597 0.173038 -0.131278 -0.175060 0.005000 -0.005225 -0.155920 -0.194441 -0.103624 -0.080242 -0.084494 0.063519 0.069795 -0.092359 0.204532 0.051262 0.203639 0.059307 -0.020507 0.085005 -0.063007 -0.047803 -0.052176 -0.012205 -0.010264 0.142920 -0.015278 -0.221972 0.012348 -0.036259 -0.239741 0.223548 -0.051066 0.079105 0.030697 0.105907 0.126876 0.020202 -0.001218 0.228232 -0.013555 -0.056113 -0.084026 0.128124 -0.009672 -0.037418 -0.072544 -0.235968 -0.137186 -0.063703 0.055829 0.165691 0.081549 -0.049673 -0.018948 0.083521 0.112326 -0.092594 -0.123277 0.059520 -0.096791 -0.249699 -0.035390 -0.077151 -0.043369 0.132864 0.037205 0.123337 -0.130716 -0.089088 0.168388 0.101852 -0.061483 0.183882 -0.142977 0.005220 0.009237 -0.148456 -0.008271 -0.065555 0.033917 -0.187958 0.093680 0.018788 -0.090501 -0.036141 -0.143036 0.003723 0.244959 0.221105 -0.165299 0.044398 0.158685 -0.043453 -0.060814 -0.080631 -0.167505 0.134210 0.149800 0.055737 -0.143639 -0.102938 -0.194965 -0.100802 0.311991 0.021369 -0.245268 -0.130283 0.304560 -0.075260 0.086661 -0.042349 0.035235 0.011130 -0.029689 0.051820 0.017517 -0.148559 -0.108477 0.018188 0.189833 -0.004565 -0.180783 -0.008358 0.153083 0.072628 0.146447 0.075359 -0.083698 0.156562 0.150995 0.019264 0.040304 0.107210 0.107329 0.048038 -0.137459 -0.058713 0.029876 -0.214743 0.064366 -0.033253 -0.022543 0.126549 -0.053831 -0.214938 0.124258
n 0.163607 0.169438 -0.034449 0.080581 0.007863 -0.009881 -0.113797 0.108787 -0.226882 -0.076858 -0.031435 0.133342 -0.144453 0.038221 0.112072 0.097119 0.076885 0.154474 0.223213 0.196194 -0.326131 -0.066710 -0.089045 -0.173486 -0.000969 -0.278943 0.068471 0.099389 0.134261 0.175247 0.227963 -0.056508 0.100183 0.090657 0.050638 0.069013 -0.132689 0.207298 0.028043 0.083501 -0.023268 0.126721 0.119167 0.029967 0.099603 -0.112167 0.115448 -0.105313 -0.006321 -0.030810 0.045936 0.028082 0.302154 -0.043084 -0.025947 -0.030308 -0.124435 -0.051532 0.142988 0.021779 -0.122318 0.047154 0.013242 0.157435 0.422088 0.001444 -0.169755 0.048270 0.111474 0.051826 -0.056300 0.059529 0.138743 -0.108315 0.220750 0.128360 0.091687 -0.344691 -0.153213 0.320811 -0.160037 -0.003852 0.019804 -0.072363 0.064803 -0.157593 0.188063 -0.045442 0.127820 0.130054 -0.081720 0.259022 -0.062803 -0.100968 0.094485 0.004372 -0.001221 -0.219619 0.116140 -0.127222 -0.175017 0.138603 0.040356 0.008495 0.067209 -0.030601 -0.022064 -0.096693 -0.168505 -0.241234 0.124411 -0.184906 0.069225 -0.031974 -0.288804 -0.065820 -0.042779 0.137748 -0.090476 -0.183718 0.081160 -0.061433 -0.102508 0.025241 0.037190 -0.017813 0.133048 0.289481 -0.072671 -0.036217 0.290367 -0.198370 0.080273 -0.118087 -0.206045 0.011825 -0.016787 0.066701 0.382107 0.257521 -0.244426 -0.082204 0.044621 0.061776 -0.012675 0.109289 0.015732 -0.059637 -0.138049 0.110545 -0.006289 -0.147740 0.098469 0.130627 -0.099160 0.158385 0.025684 0.076029 0.179961 0.362872 0.026070 -0.052938 -0.341476 -0.133931 0.033003 -0.015648 -0.043398 -0.123198 0.056000 0.134180 -0.063468 -0.174568 -0.024200 0.067043 0.028695 -0.181540 -0.031943 0.087112 -0.044843 0.122438 -0.338904 -0.005061 -0.218933 0.037141 0.085214 -0.256455 -0.110659 0.063868 0.011265 0.061931 -0.012647 -0.086263 -0.005729 -0.252345 0.068053 0.075821 -0.105961 0.028388 0.331339 -0.044238 -0.022344 0.037053 -0.051320 0.096544 -0.017570 -0.293416 0.023524 0.028241 -0.086167 -0.061491 -0.299622 0.313674 0.057194 0.209531 0.129751 0.042083 -0.008670 -0.251290 -0.064351 -0.118799 0.220158 -0.359162 0.241895 -0.232900 0.082795 0.073286 -0.062979 -0.210656 -0.289663 -0.020819 -0.161429 0.258242 -0.021971 -0.039964 0.165611 -0.105139 0.302601 0.041087 0.015336 0.121355 0.052383 -0.022393 0.293669 0.020272 0.117301 0.103769 0.011238 -0.048257 0.017658 0.094309 -0.268149 0.259662 0.024687 -0.078445 -0.096926 -0.114626 -0.170224 0.199147 -0.039090 -0.080404 -0.046056 0.136289 -0.022315 0.172875 -0.015576 -0.146754 -0.061523 -0.055420 0.104024 -0.150475 -0.339445 0.129962 0.024284 0.051201 -0.230087 0.048277 0.330369 -0.076063 0.091092 0.053847 -0.213474 0.105576 -0.059856 0.012638 0.037274 -0.114174 0.044841 -0.110742 -0.196228 0.067403 0.098307 0.164889 -0.131599 -0.063747 0.179765 0.062248 -0.047939 -0.016184 -0.084354 0.003765
van -0.018078 0.096504 0.018847 -0.284811 0.017826 0.314132 -0.110059 -0.029425 0.095177 0.121742 -0.033335 -0.097800 0.085957 -0.097533 -0.229289 0.065587 -0.027000 0.035160 0.030420 -0.183662 0.314712 0.159611 -0.159294 -0.080974 -0.038876 -0.019197 -0.224238 0.075978 -0.031678 -0.098610 -0.028303 0.255540 -0.104248 -0.014355 -0.097907 -0.048599 0.214116 -0.172547 0.187352 -0.201767 0.135863 0.039274 0.144813 0.009380 0.083396 0.154479 0.032952 0.062397 0.078099 -0.022403 0.131826 -0.142176 -0.119436 -0.176495 -0.113409 0.146769 0.075412 0.056032 0.102320 -0.051651 0.022300 -0.030939 0.199404 0.063587 -0.121429 0.036276 0.020452 -0.023641 0.226618 -0.015355 -0.105156 -0.030384 -0.135013 -0.005215 -0.164818 -0.163402 0.012965 -0.059346 -0.081676 0.042934 0.004263 -0.037176 0.023209 0.293595 0.120742 -0.382853 0.089927 -0.043693 -0.033345 -0.139999 -0.113294 0.011379 0.034707 0.011270 -0.078471 -0.060611 -0.075793 -0.008715 -0.029867 0.172976 0.131247 -0.017954 0.142806 -0.053731 0.124197 0.002923 0.152375 -0.082600 0.065262 -0.158022 -0.024679 0.063712 -0.287210 0.051725 -0.347511 -0.081996 -0.197882 -0.023147 0.026310 -0.119925 -0.048559 0.151306 -0.098717 -0.151054 0.009345 -0.089109 0.057912 0.182566 -0.236261 0.035395 0.008207 -0.057014 -0.093008 0.240036 -0.099664 -0.068477 -0.183758 -0.078204 -0.132031 -0.220928 -0.199602 -0.196090 0.105400 0.034607 0.125419 0.153758 -0.078143 -0.190124 0.081091 0.187757 -0.114088 -0.075592 -0.039977 -0.117028 0.071357 0.019588 -0.213390 -0.137735 0.053191 0.059764 0.092203 0.065734 -0.115577 0.243368 0.251367 -0.020352 0.081946 -0.019736 0.137309 0.149836 0.032217 0.240798 0.066513 -0.114481 -0.059741 0.194091 -0.243426 0.028352 -0.108205 0.032091 0.216597 0.132701 -0.086891 0.054387 -0.116285 -0.042112 -0.021407 -0.257392 0.107246 -0.000483 0.001623 0.259687 0.046325 -0.055855 -0.216887 0.126033 0.044133 -0.064067 -0.073361 -0.080006 0.141010 0.041168 0.120279 -0.186337 0.118039 -0.268414 0.254051 0.181058 0.026961 -0.131053 0.014146 0.029835 -0.040052 -0.054001 0.271041 0.141998 -0.210977 -0.277787 -0.046220 0.013807 -0.028288 -0.080040 0.174258 0.106154 -0.157780 0.198568 0.220943 0.030963 -0.103408 0.117385 0.028140 -0.048365 0.030136 0.138200 -0.093335 -0.194308 0.040640 -0.022235 -0.073559 0.151724 0.106287 0.033561 0.031051 -0.427324 0.138223 -0.151286 0.096786 -0.067619 -0.225160 -0.403404 0.153041 0.015865 -0.044797 0.124927 0.040712 -0.033517 -0.014756 -0.127623 0.031549 0.119196 -0.051504 -0.097245 0.036937 -0.014694 0.065462 -0.342343 -0.314826 -0.076947 0.045366 -0.058175 0.147410 -0.083812 -0.034705 -0.066647 0.334007 0.061783 -0.178699 -0.036984 -0.113951 -0.022962 0.078762 -0.062288 -0.031753 0.038318 0.112007 -0.141267 0.050206 0.106283 -0.075267 0.017633 0.292560 -0.140501 -0.002256 -0.086184 -0.047404 0.075057 0.136408 0.172315 0.366862 -0.031203
r 0.004898 -0.082181 -0.173201 0.060116 -0.189897 0.033019 0.026507 -0.043610 -0.191987 -0.052172 0.322110 -0.082097 -0.177021 0.039277 0.011309 0.211219 0.112188 -0.317616 -0.021231 0.007023 0.085126 0.101371 -0.233674 -0.025221 -0.120240 0.145178 0.013664 0.350269 -0.077436 0.275772 -0.023765 -0.093562 -0.026207 -0.139114 -0.152020 0.168365 0.249207 -0.075475 -0.201060 -0.097367 0.140137 0.254583 -0.145918 0.128893 0.041405 -0.280965 -0.068245 -0.068986 0.308258 0.173345 0.098156 -0.018023 -0.024429 -0.008179 -0.053957 -0.104785 0.079687 -0.138445 0.302252 -0.235691 0.104961 -0.033046 0.032091 -0.414149 -0.267202 0.167821 0.014098 -0.117310 -0.049862 -0.068422 0.120590 -0.121825 -0.053213 -0.018326 -0.214801 0.060380 0.038757 0.023844 0.084290 -0.179717 0.263084 -0.247160 0.019039 0.085098 -0.242442 0.055344 0.064282 0.023912 -0.026134 -0.287710 -0.072097 0.114698 -0.079801 0.188637 -0.144443 -0.016286 0.032206 -0.023548 -0.109915 0.166364 -0.034476 -0.088411 0.144597 0.063803 -0.036120 -0.040082 -0.090837 0.134010 -0.100982 0.062457 0.067391 -0.004123 0.041144 -0.135696 -0.028809 -0.308021 0.116869 0.009431 0.182144 0.310061 -0.020965 -0.019124 -0.078346 -0.047176 0.194995 -0.031719 -0.351248 -0.017044 -0.045385 0.161328 0.105171 0.354195 0.019262 -0.060754 0.008614 -0.014821 -0.078572 -0.204885 -0.237777 -0.172584 0.027695 -0.167962 -0.048336 -0.012901 0.081632 -0.089356 0.146639 -0.175953 0.038484 -0.289401 -0.033646 -0.071389 0.022643 -0.287485 0.037361 -0.210174 0.121292 -0.028485 -0.121778 0.011184 0.025836 -0.029933 0.137196 -0.069714 0.071414 0.212929 -0.131982 0.105839 -0.309058 0.013843 -0.248908 -0.116985 -0.161598 -0.076228 0.062712 0.143543 -0.049042 0.104385 0.177269 -0.119933 -0.034649 -0.142892 0.253458 -0.262312 -0.153619 0.159153 -0.166061 0.033266 0.206085 0.306718 0.419637 -0.026692 0.181624 -0.017933 -0.087531 -0.010358 0.035617 0.067014 -0.105257 -0.349367 -0.133463 0.015279 -0.028554 -0.417831 0.362212 -0.066540 0.176871 0.045026 -0.070002 -0.000426 0.159673 0.036370 0.170457 -0.088834 -0.094950 -0.073647 -0.215839 0.057594 0.311902 0.239933 0.102878 -0.345796 -0.360033 0.247319 -0.063938 -0.190540 -0.017930 -0.054553 0.180494 -0.026065 0.005061 -0.080091 0.257990 0.252683 0.026614 0.035912 -0.099714 0.017067 -0.054877 -0.451608 0.040688 -0.219418 -0.088067 0.061108 -0.089329 0.026256 0.040509 0.021759 -0.110558 0.021772 -0.090674 -0.083703 0.086955 -0.081645 0.204180 0.266965 -0.087449 0.197958 0.204450 -0.177565 -0.275947 0.368927 -0.094463 -0.512448 -0.089093 0.098398 0.152392 0.035266 0.068092 -0.057133 -0.057460 -0.186639 0.011773 0.202386 0.130822 0.034259 0.018667 -0.043788 0.006019 0.124356 0.094722 -0.155310 -0.011805 -0.062185 0.031678 0.170101 0.158599 -0.072047 -0.267599 -0.010094 0.216340 0.068976 -0.055807 -0.140397 -0.443013 -0.001612 0.106365 -0.210172 0.065431 -0.047550
iang -0.137991 0.203070 0.089200 -0.034894 0.270319 -0.047839 -0.091922 0.117919 0.044515 -0.206679 0.011036 -0.253693 0.028564 -0.207754 0.245033 0.075387 0.132264 -0.087553 0.007427 -0.001446 -0.152023 -0.035106 0.042996 -0.117395 0.170123 -0.032008 0.197612 0.078181 0.049587 -0.146805 -0.110132 0.002385 -0.026855 0.180824 -0.063796 0.005999 -0.049559 0.113014 -0.102151 0.056015 -0.145039 0.078578 -0.156066 0.064537 -0.002895 0.127449 -0.044334 -0.071895 -0.158093 -0.030025 -0.069857 -0.126471 0.024658 0.182531 0.247834 0.127508 0.122306 0.126345 -0.152457 -0.001776 0.168709 -0.092907 -0.302579 -0.121857 0.296115 0.048831 -0.022566 0.041986 0.159454 0.036030 0.295007 0.180431 0.047409 0.028836 0.171736 -0.123359 -0.023129 -0.035286 0.176032 0.077507 0.157447 0.144371 -0.129967 0.041948 0.177075 -0.069973 -0.068296 -0.125738 -0.173858 -0.113002 0.225615 0.007851 -0.018385 -0.129478 0.233679 -0.035657 -0.237038 0.063001 0.128184 -0.072786 0.074181 -0.152605 0.070211 -0.065501 0.108022 -0.107585 0.002484 0.024576 -0.092301 -0.158154 -0.140575 0.134888 -0.167769 0.269199 0.153701 -0.024845 -0.105781 -0.139003 -0.067522 -0.083100 -0.124876 0.042973 0.131067 -0.182123 -0.008357 0.246947 0.028722 0.094544 -0.115767 0.012848 0.159925 -0.145655 -0.004855 -0.004081 0.253047 0.030708 -0.045003 0.002091 0.165482 0.122041 0.008316 -0.093637 -0.103483 -0.199902 -0.167611 0.006095 0.111738 0.114398 0.102127 0.218590 0.087960 0.079648 -0.159093 0.118644 -0.219411 -0.090486 -0.193383 0.106001 0.179354 -0.056385 0.084845 -0.115808 0.103553 -0.053361 0.062200 -0.058372 0.040794 -0.171021 -0.099355 0.100271 0.050231 0.033144 0.200146 -0.001051 -0.017764 -0.144293 0.001418 -0.031140 0.021358 0.069282 0.066748 -0.016817 -0.218155 0.126271 0.057197 0.157532 0.013882 -0.009148 -0.122104 -0.009134 -0.041757 0.038383 0.135714 0.146925 0.143862 -0.022623 -0.117453 -0.158442 -0.006874 0.075757 0.125712 -0.172684 -0.039563 0.166548 0.109924 -0.000477 -0.086120 -0.238379 -0.056126 -0.160429 0.097356 -0.159159 -0.093802 0.233917 0.114074 0.221324 0.014557 0.031773 -0.022428 -0.026380 0.167804 0.074406 -0.110527 0.052428 0.209069 0.133560 0.069993 0.039401 -0.266992 -0.014629 0.012381 -0.049165 -0.097476 -0.043973 0.133187 -0.066038 -0.091062 -0.090611 0.108132 -0.050610 -0.295813 0.102972 0.077541 0.001867 0.100295 -0.018624 -0.250642 0.119158 0.042872 -0.018198 0.070546 0.102221 -0.064936 -0.083640 -0.190120 0.046697 0.011320 0.017690 0.034382 -0.176348 -0.007119 -0.282817 -0.026061 0.003259 0.164406 -0.002785 0.039214 -0.057570 -0.088644 0.094595 -0.016757 -0.122554 -0.116778 -0.071015 -0.089412 -0.178183 -0.031037 -0.378686 -0.057109 0.053435 -0.048159 -0.153255 -0.142602 0.099840 -0.103422 0.140120 0.132671 0.075478 0.175395 0.201500 -0.108541 -0.118390 -0.034537 0.098273 0.216810 -0.097797 0.132130 0.123706 0.066726 0.150592
ve 0.162819 0.091549 -0.120483 -0.113499 -0.194280 -0.018018 -0.122762 0.093260 0.041348 0.100863 -0.156193 0.169051 -0.131036 -0.096429 -0.072123 -0.031283 -0.337769 0.116885 -0.034465 0.054773 0.150569 0.342214 -0.091841 -0.110534 -0.155793 0.109403 0.110185 0.065365 -0.054889 0.238355 -0.347421 0.113857 -0.000245 -0.056406 0.030972 0.132957 -0.088032 -0.371092 0.025547 -0.275511 -0.301612 0.054817 0.194194 -0.103670 0.063095 -0.207269 -0.069326 -0.002640 0.285701 -0.066399 0.034795 -0.008261 0.138597 -0.063024 -0.128912 0.067703 -0.120803 -0.081687 -0.026140 -0.120054 -0.081961 0.068579 0.141599 -0.026882 -0.157720 0.257280 0.130747 0.081765 -0.121020 -0.056202 -0.222131 -0.090977 0.108723 -0.032562 -0.200715 0.028571 -0.106694 -0.040881 -0.038153 -0.008836 0.018806 -0.329495 -0.093561 0.081748 0.027687 -0.128549 -0.081239 0.013413 0.142128 -0.110186 0.185413 0.060063 0.040550 0.030269 -0.390934 -0.116514 0.045858 -0.066923 0.068380 -0.266365 -0.099662 0.068552 0.075345 -0.095450 -0.253272 0.094524 -0.053677 -0.186139 -0.013917 -0.037963 -0.245222 -0.114143 -0.079390 -0.011609 -0.021356 -0.094350 -0.021620 0.096898 0.038113 0.030123 0.054435 0.069941 0.053960 0.035934 -0.289302 0.219478 -0.232657 0.125410 -0.083906 -0.067541 -0.090577 0.267401 -0.145132 -0.039841 -0.043943 -0.081424 0.345975 0.085961 -0.133517 -0.299053 0.099912 -0.204702 0.030828 -0.004540 0.195915 -0.142241 -0.228636 -0.192445 -0.171622 0.055640 -0.134491 -0.292730 0.106298 -0.027288 0.121302 -0.060138 0.065026 -0.038614 -0.005774 -0.112594 0.161728 -0.098856 0.297097 -0.135819 -0.039180 0.251701 -0.072782 0.128704 0.019703 -0.290461 0.184706 0.023324 0.296123 0.123177 -0.113473 0.055801 0.211699 0.103667 0.151585 -0.239999 0.002598 0.054260 -0.049114 -0.302249 -0.198257 0.011188 -0.145075 0.127547 -0.084057 -0.066814 -0.072810 0.112910 0.030478 -0.099516 -0.311566 0.078238 0.272822 -0.019353 0.026804 0.155359 0.206714 -0.206210 0.005533 -0.106887 -0.183462 -0.039285 0.281256 0.215448 0.010177 0.047949 0.111066 0.002564 0.082360 -0.020048 0.222400 -0.110533 0.017962 0.268511 0.120980 -0.096385 -0.087382 0.037428 -0.008798 0.110342 -0.121332 -0.173623 -0.125041 0.199730 -0.009725 0.160375 0.002222 0.053862 0.220634 -0.126402 0.060708 0.185087 0.180987 0.216347 0.112147 0.129348 0.281902 -0.307812 -0.001207 0.052273 0.064139 0.073032 -0.040907 0.067121 -0.195477 -0.183845 0.049368 -0.118691 0.116078 -0.064539 -0.132260 0.170747 0.100060 -0.183091 0.090082 -0.035093 0.046638 -0.362953 -0.184199 0.200175 -0.012284 -0.288210 -0.344666 -0.128762 -0.031019 0.086331 -0.052047 0.185601 0.052109 -0.011119 0.334718 -0.053100 -0.028018 -0.069426 0.047584 -0.047524 -0.105061 -0.028917 -0.142450 0.078550 0.105382 0.010303 0.177476 -0.079638 -0.293692 -0.050739 0.188260 0.028182 0.102127 -0.002136 -0.050569 0.173283 -0.098894 0.086107 0.527411 -0.090326
ian 0.022466 0.178074 0.101803 0.077514 0.030497 -0.027952 0.004158 0.108546 0.050542 -0.156285 0.096572 0.048365 -0.041663 -0.017118 0.039433 0.074555 0.070004 0.032831 0.051610 -0.015722 -0.088553 0.014557 -0.177938 -0.194349 -0.104780 -0.158262 0.090778 0.013991 0.175020 0.095490 0.085473 -0.035586 0.087942 0.167887 -0.007119 0.047397 -0.075491 0.034780 0.011632 0.056328 0.008762 0.131625 -0.136079 0.125626 0.052066 -0.085545 -0.013052 -0.020269 0.008787 -0.088386 0.034382 -0.104425 0.277945 0.052486 0.089438 -0.031450 0.007257 0.042990 0.057657 0.122597 -0.048375 -0.135907 -0.053747 0.040740 0.228772 -0.014589 -0.050153 -0.170754 0.032417 0.110741 -0.092372 0.101669 0.083722 -0.126937 0.049538 0.070232 -0.044746 -0.196978 -0.128929 0.247108 -0.101430 0.020873 -0.086502 -0.125057 0.119069 -0.026133 0.038551 0.002513 0.024776 -0.002555 -0.002410 0.166374 -0.117739 -0.173374 -0.003241 -0.105404 0.021768 -0.155527 0.173279 -0.086648 -0.063832 0.046966 -0.049196 -0.108029 0.068998 0.008167 -0.067528 -0.061635 -0.143739 -0.107827 0.012201 -0.044095 -0.077986 0.057025 -0.216682 0.096080 -0.010722 0.078629 -0.047049 -0.022623 0.109595 -0.000829 0.065963 -0.018198 -0.035405 0.129133 0.003072 0.188335 -0.000723 -0.214988 0.037047 -0.133498 0.009818 0.037380 -0.096606 0.085516 -0.098475 0.043727 0.179606 0.210427 -0.086757 -0.043177 -0.017965 -0.074845 0.006836 0.096965 -0.120029 0.077925 -0.126133 0.156090 0.085411 -0.110349 -0.032388 0.157632 -0.033833 0.063608 0.080797 0.004938 0.240453 0.129654 -0.013199 -0.071859 -0.128071 -0.098816 -0.048499 0.005558 -0.050607 0.002566 0.110080 0.119813 0.125425 -0.094478 -0.055760 -0.076496 -0.072807 -0.115531 0.066695 -0.118747 0.038022 0.052636 -0.370757 0.014758 -0.158696 -0.062697 0.022606 -0.120715 -0.013251 -0.126794 -0.029265 -0.019934 -0.059908 -0.094940 0.152289 -0.072759 -0.014071 0.065628 0.007315 -0.026538 0.025290 0.089304 0.036660 -0.073249 -0.127575 0.237121 -0.015914 -0.119495 -0.026034 -0.042608 0.024238 -0.029758 -0.185041 0.057098 0.111822 0.089733 0.035746 0.135617 0.002855 -0.061262 -0.083899 0.008772 0.179879 -0.233125 -0.022368 -0.032546 0.054680 -0.061391 0.071349 -0.025483 -0.150537 -0.022532 -0.164954 0.173006 -0.054416 0.067933 0.069623 -0.043635 0.209193 -0.087272 0.111308 0.028485 -0.067694 0.092594 0.181985 -0.111525 0.100336 0.029364 -0.081345 -0.053954 0.022983 -0.058139 0.037527 0.032816 0.059291 -0.106651 -0.070444 -0.160605 -0.068200 0.073404 0.134057 -0.017683 0.043006 0.143316 -0.023869 0.105664 -0.093792 -0.093180 -0.091571 -0.163698 0.044456 -0.136213 -0.196386 0.039287 0.108909 0.151310 -0.097830 -0.024294 0.141567 -0.084465 -0.077604 0.091722 0.046852 -0.076993 0.061243 -0.040632 0.003042 -0.129864 0.106707 0.042046 -0.047272 0.087012 -0.055340 0.060652 -0.216105 -0.043775 0.155487 0.038258 0.018114 0.133325 0.029518 -0.070838
vn 0.085965 0.062030 0.221492 -0.199784 -0.132770 0.467052 -0.043671 0.360843 0.097623 0.247377 0.109765 0.052484 0.125657 -0.070671 -0.160066 0.068831 -0.221723 0.005493 0.283830 -0.402639 0.178734 0.066587 0.244907 0.297374 -0.029638 -0.027992 -0.036309 -0.171744 0.033219 -0.226184 -0.123330 0.239379 0.007489 -0.286358 0.172825 -0.057403 -0.185040 0.018646 0.042181 0.086985 -0.096856 0.073776 0.110732 -0.097298 0.209565 -0.050270 0.125766 -0.039924 0.145647 0.173526 -0.028005 -0.089142 -0.184163 -0.121995 0.085279 -0.099960 0.309419 -0.001610 -0.270134 0.121051 -0.073813 0.027807 0.021144 -0.165618 0.109895 0.046635 0.115201 0.037072 0.238389 -0.023195 -0.124840 0.030651 -0.309269 0.104513 -0.025893 -0.206252 -0.101910 0.037791 -0.102901 -0.035351 0.079325 0.096678 -0.139706 0.044180 -0.217306 -0.400371 -0.034188 -0.163306 -0.067922 0.164920 0.164307 0.040425 0.045274 0.260946 0.061285 -0.191075 -0.077989 0.260884 0.020757 -0.050127 0.014728 -0.371326 -0.055596 0.145655 0.041278 0.071279 0.057406 0.050939 -0.121759 -0.158912 -0.108948 0.288882 -0.218539 -0.229162 -0.266819 0.152921 -0.237976 -0.132005 -0.019718 0.242624 0.120786 -0.018133 0.040495 0.163776 0.118538 -0.292984 0.036887 -0.060237 0.033445 0.216021 -0.045676 0.015707 -0.187364 0.049247 0.066875 -0.257294 -0.034172 -0.059634 -0.118854 0.223320 0.091314 -0.024299 0.097596 -0.169302 -0.196923 0.062573 0.005139 -0.078940 0.183576 0.210214 -0.158950 -0.116231 -0.117555 -0.263338 0.096243 -0.097560 -0.017833 0.048160 -0.309327 -0.150912 -0.190253 -0.080499 -0.103111 0.512984 -0.038607 -0.009069 0.180996 -0.024779 0.070676 -0.065866 -0.045709 -0.006283 0.203399 0.092381 -0.154383 -0.030953 -0.234994 -0.016674 0.195925 -0.151670 0.185872 0.051621 -0.260009 0.076398 -0.164827 0.034787 0.287778 0.000693 0.331655 0.164474 -0.044397 0.344284 0.021767 -0.204617 -0.052638 -0.031674 -0.084406 0.023577 0.110221 0.131829 -0.127955 -0.067264 -0.101126 -0.193708 -0.154237 0.052544 0.185192 0.058369 0.000229 0.250750 0.318252 -0.032634 -0.190759 0.198114 0.288142 -0.255417 0.047829 0.199422 -0.063826 -0.106591 -0.002917 -0.052202 -0.018792 -0.128466 -0.141431 0.163508 0.205834 0.072125 -0.292720 0.004958 0.054154 0.086844 0.072828 -0.224264 0.059090 0.070400 -0.351683 0.116090 -0.124729 0.093371 0.218531 -0.128969 -0.012213 -0.217290 0.020676 -0.053603 -0.112321 0.110577 -0.207117 -0.136421 0.241030 0.097539 -0.030935 -0.161763 0.074935 0.036281 0.154734 0.101557 0.198251 -0.162847 0.190669 -0.350790 -0.083877 -0.246413 0.038173 -0.050913 -0.101907 0.058160 0.074795 0.291665 0.198182 -0.011115 -0.176479 -0.223471 0.203109 -0.067317 -0.159961 0.176111 -0.367735 0.054696 0.082164 -0.032416 -0.070960 0.058474 -0.043675 0.007472 -0.010805 0.169994 0.170592 0.215047 -0.005949 -0.122886 0.235814 0.067385 -0.230586 -0.108579 0.063551 0.023697 0.074600 0.060715
iz 0.189924 -0.104924 -0.132467 -0.030551 -0.216767 0.069806 0.190476 0.026529 -0.073202 -0.036678 0.283469 0.000746 -0.207017 -0.084087 -0.034850 0.267160 -0.184339 -0.279972 -0.052788 0.112589 0.105056 0.331068 -0.373598 -0.103401 -0.183109 0.087399 -0.110729 0.310786 -0.031697 0.432006 -0.200444 0.047246 -0.095966 -0.155440 -0.170415 0.082127 0.147922 -0.353118 -0.129799 -0.259888 0.077116 0.207563 -0.194106 0.115901 0.011213 -0.367526 -0.117603 -0.045798 0.315355 -0.012972 0.085277 0.024316 0.058121 -0.062401 0.007365 -0.017755 0.132533 -0.057729 0.139145 -0.228919 0.071145 -0.138728 -0.022076 -0.498639 -0.386170 0.335312 0.030561 -0.229708 -0.200548 -0.076384 -0.087333 -0.160799 -0.071975 -0.012707 -0.212621 0.084195 -0.020915 0.109293 0.029846 -0.099782 0.195219 -0.205612 -0.008826 -0.031721 -0.208824 -0.161413 -0.040691 0.176843 0.131752 -0.280495 0.065138 0.078064 0.006373 0.193611 -0.343298 -0.038295 0.043407 -0.127502 0.009630 0.071085 -0.207758 -0.090706 0.080149 0.012214 -0.162181 0.061858 -0.087250 -0.010375 -0.106714 0.129064 0.000932 -0.026711 -0.058738 -0.203003 -0.130419 -0.143828 0.117981 0.114850 0.187848 0.324952 0.074572 0.029761 0.042435 0.079795 0.048639 0.195414 -0.515246 -0.014897 0.055268 0.042552 0.000987 0.326239 -0.100475 -0.015780 -0.101915 -0.047959 -0.070547 -0.025196 -0.293710 -0.245410 0.183930 -0.219824 -0.041420 -0.111357 0.230859 -0.179547 -0.233527 -0.185547 -0.047628 -0.288199 -0.060280 -0.224255 0.059079 -0.350913 0.121122 -0.143330 0.240660 0.108004 0.010486 -0.097082 0.086070 0.049222 0.249462 -0.009634 0.017022 0.238459 -0.130737 0.312089 -0.234803 -0.124999 -0.068514 -0.179648 -0.151056 -0.218114 -0.115260 0.210648 0.068635 0.038759 0.320224 -0.235886 -0.188083 -0.010996 0.147155 -0.447807 -0.193487 0.187189 -0.182735 -0.059517 0.203163 0.219478 0.227073 -0.035050 0.173521 -0.215841 -0.271610 0.027292 0.203714 0.147705 -0.152253 -0.120526 0.089606 -0.034851 -0.074582 -0.468743 0.122035 -0.087058 0.347412 0.094533 -0.111006 -0.028522 0.151140 -0.038717 0.183268 -0.073917 -0.014702 -0.061878 -0.135194 0.140979 0.291777 0.187723 0.002881 -0.299621 -0.273711 0.308846 -0.201329 -0.268142 -0.024792 0.082431 0.140781 -0.060473 -0.080347 0.035260 0.199618 0.170412 0.199203 0.016918 0.077361 0.152123 0.295516 -0.384403 0.231207 -0.275470 -0.206295 0.026592 0.031588 0.049309 -0.064571 0.017117 -0.172642 0.064908 -0.074729 -0.136182 0.172018 -0.151920 0.268000 0.306337 -0.108509 0.098608 0.173208 -0.095968 -0.022767 0.267603 -0.236001 -0.396335 -0.120105 -0.057553 0.012713 -0.040553 0.138156 -0.140893 -0.157466 -0.097474 0.142285 0.310231 0.272504 0.018484 0.002418 -0.058977 -0.073680 0.179363 0.058026 -0.236643 -0.059302 0.037100 0.094686 0.202216 0.242526 -0.062290 -0.178114 0.097027 0.281256 0.036047 0.005097 -0.200183 -0.357829 0.122157 0.060271 -0.080368 0.317550 -0.119865
c 0.254499 -0.001721 0.164344 -0.034712 0.048433 -0.169604 0.107730 0.019323 -0.133606 -0.010993 -0.308019 -0.098716 -0.162665 0.122741 -0.299715 0.034567 -0.033612 -0.073958 -0.141354 0.142310 0.068905 -0.180838 0.195795 0.038384 0.101982 -0.070824 -0.050322 -0.157512 -0.327382 -0.145494 -0.068499 0.005314 0.096742 -0.025041 0.085491 -0.040418 0.179231 0.374313 0.010838 0.162614 -0.306363 -0.064274 -0.011776 -0.125380 -0.013994 -0.033146 0.064706 -0.319280 -0.010339 -0.052084 -0.063250 -0.175822 -0.050341 -0.099263 -0.211007 0.052872 0.011763 0.246230 -0.104974 -0.112807 -0.081593 -0.046554 0.113012 -0.163372 -0.070529 -0.000708 -0.349355 0.342110 -0.114953 -0.056897 0.281318 0.100375 0.185214 0.047023 0.152197 0.218124 0.018826 -0.083181 0.196717 0.013089 0.064384 0.091332 0.026109 0.236630 0.071069 0.064824 -0.016808 0.107838 -0.133842 0.300996 0.032060 0.002140 0.112452 -0.032748 -0.307892 0.339586 -0.143152 -0.133795 0.004634 0.132410 0.069036 0.243450 0.307166 0.074827 -0.154312 -0.056680 0.203823 -0.166015 0.059401 -0.298900 0.285968 0.018805 -0.095069 0.280566 0.256075 -0.111111 -0.037642 -0.134401 -0.176053 -0.120389 0.043911 0.167648 -0.158488 -0.047830 -0.107800 -0.032082 0.192699 0.035022 -0.145802 -0.189047 0.412878 0.161547 0.124981 -0.177478 -0.203121 -0.166000 0.356110 0.116970 0.228274 0.042560 -0.051771 0.202283 0.090896 -0.103009 0.077621 -0.154549 0.003081 -0.061885 0.035303 -0.222181 0.098139 0.024472 0.156151 -0.044715 -0.060320 -0.108683 -0.265807 0.041807 0.288925 0.101461 0.193311 0.169409 -0.147297 -0.222984 0.134741 0.226197 -0.045159 -0.159742 -0.225481 0.004506 -0.151559 -0.036410 0.042205 0.145148 0.100614 0.066061 0.241623 0.313737 -0.061958 0.115409 -0.029210 -0.225171 0.113233 0.255335 0.323314 -0.140766 0.132168 -0.015096 0.032423 0.115367 0.136796 -0.032222 0.026517 0.210793 0.212193 -0.164255 0.014048 0.135622 0.010220 -0.541354 -0.183717 0.082804 0.108949 -0.210360 0.374093 -0.116896 0.147958 0.297123 0.187510 0.034789 0.129946 0.114768 -0.359011 -0.091585 -0.218482 -0.162333 0.004764 -0.191492 0.028927 -0.239172 0.395695 0.301687 0.076878 0.150521 0.181016 -0.017167 -0.014511 -0.123573 -0.019461 0.058723 0.140575 -0.072791 -0.128540 0.154668 0.090327 0.061281 0.238433 0.152250 -0.146619 -0.211971 -0.055009 0.203199 0.291381 0.280577 -0.111550 0.083386 0.021333 -0.039123 0.193343 -0.084353 -0.115572 0.016056 -0.189964 -0.182190 -0.125010 -0.146053 -0.187379 0.199527 -0.233654 -0.078453 -0.151078 -0.093348 -0.050890 0.009070 0.157564 -0.300270 0.242843 0.032265 -0.056330 0.002773 -0.126933 -0.115049 -0.071385 -0.085867 -0.008106 -0.021192 0.156132 -0.180465 0.056755 -0.042685 -0.371486 0.291625 -0.051367 0.061390 0.162547 0.120772 -0.103882 -0.234378 0.177544 -0.042069 0.122770 0.276478 0.022648 0.034152 0.057800 0.183327 -0.079836 -0.089094 -0.203718 0.085569
ueng -0.311670 0.006427 0.369461 -0.172199 -0.165787 0.716539 0.151101 0.796935 -0.001755 -0.054713 0.514486 0.170884 0.214778 0.203289 -0.020938 0.422065 -0.318554 0.320034 0.238878 -0.621947 0.335573 -0.140016 0.704053 0.661010 -0.218816 0.351524 0.110930 -0.100658 0.091078 -0.353748 -0.087990 -0.409431 0.226167 -0.820491 0.202135 -0.246431 -0.376724 0.119047 0.085198 0.382611 0.013236 -0.087855 -0.092752 -0.065149 0.271053 -0.466657 0.269253 -0.316817 0.216917 0.506599 -0.290612 0.029114 -0.000892 0.062521 0.344602 -0.477573 0.361818 -0.146319 -0.573906 0.534753 -0.162276 0.038391 -0.033403 -0.306855 0.013333 0.040024 0.204280 -0.189715 0.000794 0.144470 -0.475852 -0.140567 -0.351543 0.373456 -0.591238 -0.111288 -0.481110 0.510140 0.008694 -0.175231 -0.053018 0.297038 -0.196819 -0.460757 -0.467728 0.092293 0.172004 -0.110985 -0.227228 0.414518 0.035970 0.124615 -0.134635 0.095591 0.168893 -0.242315 0.076000 0.410227 0.003383 -0.022890 0.077718 -0.432304 -0.371295 0.105061 -0.065853 0.173718 -0.378829 0.148774 -0.190666 0.042410 -0.126843 0.313657 -0.004762 -0.538179 -0.002229 0.449941 -0.410020 -0.232908 0.478942 0.551012 0.313846 -0.195053 0.159178 0.251970 0.342522 -0.689539 -0.359570 -0.396867 0.004242 -0.125523 0.090085 0.500438 0.277365 -0.115678 -0.054430 0.153123 -0.015499 -0.303015 -0.053662 0.175452 0.467324 0.413010 0.312521 -0.472858 0.025181 -0.210984 -0.090947 -0.120104 -0.002873 -0.216607 0.051315 -0.046006 -0.180594 -0.035537 0.197754 -0.434421 0.629717 -0.391082 0.007086 -0.382118 -0.169682 -0.023934 -0.179401 0.569461 -0.408304 0.160058 0.208994 0.343983 0.555204 -0.417173 0.367484 0.090246 0.068646 -0.055738 -0.147924 -0.027843 -0.016525 -0.195038 0.428357 -0.047200 0.271623 -0.087115 0.246118 0.114734 -0.180986 -0.033607 0.961458 0.132095 0.717886 0.162573 -0.078009 0.166675 -0.057460 -0.147562 0.393865 -0.151866 -0.304063 0.271215 -0.258030 -0.098648 -0.803269 -0.137937 -0.052026 -0.234462 0.116133 0.594627 0.036374 0.124891 0.226648 0.852362 0.400931 -0.077431 -0.393742 0.170820 -0.124823 -0.569714 -0.231722 0.529465 -0.143814 -0.017386 -0.110419 -0.203918 -0.519004 -0.190990 0.202357 0.150520 0.383938 0.193952 0.283182 -0.272464 0.143449 0.031093 0.322119 -0.244845 -0.040978 0.221458 -0.842259 -0.160586 -0.412586 -0.143043 0.018072 -0.059794 0.085697 -0.303536 -0.453565 -0.073162 -0.195305 0.059046 -0.349850 0.281444 0.521697 -0.305835 0.276434 -0.302804 0.496482 -0.159329 0.091701 0.415746 0.392136 -0.523246 -0.007136 0.118964 -0.010709 -0.502107 -0.289935 0.499311 0.298393 -0.059733 -0.264321 0.199604 0.609631 0.030898 0.144716 0.120470 -0.250769 -0.055320 -0.571917 0.479452 -0.236107 0.288287 0.550571 -0.197764 0.114236 -0.076516 0.017982 0.084865 -0.401643 0.159348 0.296204 0.077270 -0.238298 -0.213196 -0.022480 0.104557 -0.363366 0.017738 0.066817 -0.484302 -0.515150 -0.132936
ie -0.105114 0.005037 0.076456 0.055823 0.065873 0.061382 0.028245 0.111804 0.019441 -0.234129 0.061075 0.052852 0.009723 0.068299 0.052485 0.027371 0.147827 -0.083725 -0.009278 -0.014963 0.058192 -0.030897 0.040878 0.056843 0.078953 0.136649 -0.007217 0.011626 -0.068225 0.043397 0.022874 -0.262079 0.021699 -0.097903 0.011657 -0.108815 0.019204 0.122727 -0.044527 0.193334 -0.055214 0.065461 0.032889 0.056051 -0.129253 0.089993 -0.127256 0.059581 -0.110517 0.132170 0.013617 -0.064747 -0.089331 0.077531 0.120962 0.005997 0.042079 -0.152443 0.000598 0.146511 -0.119563 -0.130995 -0.162799 -0.006956 0.006552 -0.093832 -0.065548 0.090512 -0.163354 -0.033873 0.100851 -0.055327 0.004420 -0.054004 -0.083505 -0.119795 0.023018 -0.140766 -0.066278 0.051511 0.137926 0.203780 0.029615 -0.180442 -0.012229 0.148777 -0.011565 -0.121442 0.022595 -0.025699 0.036025 0.071868 0.160858 -0.064107 0.226312 -0.075134 -0.005250 0.005829 -0.123518 0.051404 0.101599 0.005884 -0.002164 -0.155028 0.044835 0.077282 -0.152771 -0.133500 0.177314 -0.074644 -0.122535 -0.009047 0.022957 -0.150232 -0.001615 0.109534 -0.109912 0.325672 0.136441 0.018499 0.011506 0.042642 0.192610 0.071113 0.051033 -0.137507 0.056457 0.154184 -0.089280 0.120811 -0.033744 0.051541 0.073021 -0.034160 -0.008431 0.233707 -0.026707 -0.174265 0.082870 0.023741 0.193884 0.000501 -0.045787 0.063540 -0.018792 0.034457 0.126656 0.161373 0.061163 -0.009023 0.126384 0.065538 -0.026968 0.079093 0.007580 0.021520 0.049991 -0.082289 0.152347 -0.014789 -0.001567 -0.031336 0.052577 -0.045063 -0.102057 -0.003263 -0.036183 -0.088837 0.118240 0.121851 0.191741 0.026627 -0.190344 -0.028636 0.265900 -0.097713 -0.059936 -0.207908 -0.030363 0.162231 -0.059517 0.026135 0.186655 0.179970 -0.016972 -0.068250 0.043311 0.042716 -0.214209 -0.082616 0.058904 -0.021863 -0.042252 0.159907 0.128651 0.019190 -0.089168 -0.016407 0.091794 0.036423 0.023003 -0.185249 0.105694 0.050038 0.085824 0.170636 -0.183879 -0.121045 -0.024158 0.019825 -0.047778 -0.087577 0.071046 -0.141993 -0.129062 0.122308 0.006813 0.065523 -0.006729 0.062609 -0.111405 0.083348 -0.143944 -0.142758 0.080818 -0.170364 -0.015251 0.164767 0.095146 0.042659 -0.014511 -0.094221 -0.038232 0.054861 -0.075760 0.039598 -0.125341 0.005059 -0.053863 -0.007500 0.013211 -0.083521 -0.012612 0.039623 -0.070086 -0.138892 -0.080758 0.116302 -0.069258 0.028638 0.180174 -0.068234 -0.191504 0.012092 0.055606 -0.198680 0.185173 -0.023654 0.078719 -0.130425 0.067612 0.075872 0.052328 -0.074244 -0.130084 0.217650 0.146688 -0.018284 0.011303 0.012370 -0.001559 0.077497 0.071160 0.034331 -0.242501 0.082612 -0.020198 -0.047021 0.083052 0.109977 0.118777 0.051943 -0.009756 0.066087 0.020961 0.008818 0.017397 -0.105983 0.088531 0.164378 -0.007278 0.026549 -0.075151 0.080595 0.164963 0.041941 0.043231 -0.119685 -0.101446 -0.028521
uai -0.119193 0.118304 0.238870 0.015896 0.193903 0.084276 -0.011870 0.096591 0.070539 0.303356 0.029108 0.303032 0.104494 0.069156 0.001033 -0.149445 -0.034924 0.069840 0.043181 -0.257715 0.183553 -0.298617 0.047123 0.077453 0.045641 -0.358713 -0.260523 -0.235192 -0.252033 -0.282487 0.261204 0.180482 0.049057 -0.043719 0.239354 0.102365 0.109572 0.223816 0.146412 0.030318 0.112240 -0.188964 -0.049077 -0.170908 0.003284 -0.026315 -0.049531 0.113317 0.022706 -0.076274 -0.129997 0.027072 -0.085117 0.181180 0.164412 -0.221414 -0.082612 -0.114300 0.039673 0.274583 0.026510 0.201111 0.226385 -0.038526 0.183207 -0.376494 0.015516 -0.130221 -0.052673 0.021059 0.137124 -0.136364 -0.083792 -0.019510 0.123074 -0.089472 0.151241 -0.022236 -0.391597 0.160225 -0.093486 0.076777 0.039975 -0.064437 0.019955 0.043731 0.084524 -0.159952 0.068311 0.033786 0.038658 0.257161 -0.066865 0.068929 0.283059 -0.319476 0.187730 0.318120 -0.034980 0.023458 -0.136113 -0.175352 -0.333645 0.110978 0.166066 0.240417 0.258313 0.201038 0.206973 -0.076740 0.139357 0.134056 0.051820 -0.065552 0.243871 0.128692 -0.049911 -0.174450 -0.188656 0.117553 0.066895 -0.016927 -0.126834 0.176726 0.191087 -0.267921 0.244007 -0.343505 0.329816 0.276647 -0.269697 -0.067731 -0.136796 0.230266 0.082919 0.163499 -0.102483 0.063658 -0.054519 0.452437 -0.349512 0.197165 0.013197 0.086736 -0.334389 0.105314 0.300536 0.375921 0.080743 -0.262561 -0.099808 0.096142 0.211042 0.033192 -0.157707 -0.216922 0.325668 0.069628 -0.112710 0.207699 -0.489508 -0.010342 -0.194992 0.212329 0.054514 -0.040986 0.101491 -0.026739 -0.038822 0.043561 0.042238 -0.149179 -0.057207 0.301212 -0.155048 -0.142940 -0.039675 -0.098801 -0.149092 -0.114121 0.284898 -0.148255 0.139047 0.240301 -0.029603 -0.043645 0.178060 -0.009003 -0.038649 -0.129270 0.045864 -0.163795 -0.163611 0.098188 0.002419 -0.230620 -0.251119 0.181541 0.207189 0.188684 -0.170009 0.139498 -0.059866 0.087508 -0.119268 0.009134 -0.254699 0.121671 -0.080212 0.189016 -0.031266 0.255668 -0.255077 -0.081014 0.040847 -0.024256 0.190895 0.017833 0.121347 0.172731 -0.149931 0.172590 0.034316 -0.181590 0.118490 0.022474 -0.141106 -0.095586 0.045301 -0.131117 -0.107495 -0.023414 0.025805 0.028174 0.125653 0.135715 -0.431240 -0.205160 -0.253252 -0.201020 -0.333857 -0.031609 -0.176424 -0.069155 -0.049833 -0.240208 0.118543 -0.201925 0.238596 -0.099959 -0.013030 -0.260355 -0.035010 -0.065716 0.263125 0.074646 -0.129704 -0.310015 0.276248 0.337383 0.066781 0.033752 0.004404 0.123547 -0.203232 0.312018 0.170014 0.182591 -0.178810 0.071078 0.117546 -0.067249 -0.083497 0.016445 -0.266804 0.087273 -0.030238 0.113057 0.169897 -0.111511 0.140414 0.410323 -0.060250 -0.257032 -0.320939 -0.021730 -0.190190 -0.288302 0.279079 0.008374 -0.160145 -0.047615 0.042965 -0.038025 -0.136565 0.062477 0.074589 0.003141 -0.412737 0.097172
iong 0.051471 0.064072 -0.050159 -0.095204 0.150205 -0.029384 -0.096277 0.169105 -0.048909 -0.095467 -0.313633 -0.163631 0.035069 0.050972 -0.000316 -0.165281 0.152802 -0.205399 -0.027853 0.096100 0.147611 -0.056268 0.093105 0.161402 0.053784 -0.031667 0.075575 -0.059857 0.068573 -0.207519 -0.044171 0.010714 -0.001052 -0.111493 0.080201 -0.136205 0.185252 0.142744 0.035639 0.098503 -0.115261 0.133025 0.111616 -0.120049 -0.106045 0.206449 -0.093939 -0.015956 -0.207772 0.049501 -0.138199 -0.016668 -0.220455 0.111056 0.130219 0.004723 -0.045361 -0.011479 0.171452 0.215222 0.116738 -0.070691 -0.116736 0.205143 0.356042 -0.071683 -0.330400 0.226866 0.028954 -0.089583 0.218811 -0.097164 -0.110559 -0.200101 0.256990 -0.118647 -0.017251 0.042106 0.032435 -0.061914 0.060936 0.189585 0.022037 0.052114 -0.056669 -0.053953 -0.287195 -0.137590 -0.059762 -0.067680 -0.065387 -0.079660 0.162586 0.075467 0.124176 -0.152080 -0.071909 0.232829 -0.077106 0.128079 0.195692 -0.060104 -0.020144 -0.212378 0.298080 0.197283 -0.041033 -0.045389 0.256088 0.027778 0.060101 0.010355 0.084672 0.137761 0.006750 0.094120 -0.048096 0.077183 -0.092979 -0.077242 0.087305 -0.115192 0.025091 -0.141468 0.051496 -0.030963 0.154010 0.343527 -0.189161 0.142112 0.000525 0.122161 0.147834 0.272530 -0.184989 0.043453 -0.230832 -0.031258 -0.049166 -0.291666 -0.037004 -0.110241 0.088448 0.087273 -0.011243 0.055001 0.141826 -0.046663 0.040431 0.252022 -0.175033 0.255327 -0.164401 0.145696 0.286774 0.103900 -0.210411 -0.013389 -0.177655 -0.056936 -0.051680 -0.144915 -0.227319 -0.112528 -0.047359 0.100429 -0.001446 0.029131 0.007479 0.276275 0.235660 0.027672 0.192355 -0.090641 -0.057625 -0.009206 -0.183483 -0.190154 -0.185710 0.000690 -0.177873 -0.015452 0.074165 0.247111 0.175632 -0.152315 -0.029972 -0.090672 -0.073776 0.002586 0.111749 0.166402 0.052534 0.154738 -0.052303 -0.036991 -0.175515 -0.156036 0.086278 -0.054207 0.091867 -0.157797 0.160388 0.093034 0.138590 0.008486 0.052126 -0.080608 -0.053384 0.241506 -0.153309 -0.209538 0.203175 -0.113413 -0.062371 0.011722 -0.282804 -0.109661 0.070850 0.168046 -0.139477 -0.091385 0.352195 -0.190492 0.245996 0.094867 -0.053003 0.039849 -0.093664 0.299833 0.211391 -0.021777 -0.061443 0.093934 -0.247218 -0.166313 -0.015634 -0.053931 -0.084605 0.145659 0.131870 0.023806 0.163014 0.014550 0.023625 -0.059457 0.035497 -0.000678 -0.090579 -0.087962 0.180427 0.132040 -0.259000 0.049788 -0.076394 -0.037127 0.131170 -0.116532 0.036422 -0.121887 0.009858 -0.123130 0.190670 -0.037055 -0.014544 0.128157 -0.024952 0.184415 -0.314801 0.126226 -0.347721 0.233723 -0.017648 -0.006574 0.061972 0.055924 -0.065412 -0.055895 -0.010125 -0.004873 -0.030538 0.142942 -0.084432 0.224727 0.008277 -0.199790 -0.035532 -0.004316 0.226426 0.026867 -0.006757 0.020592 0.068067 0.345169 0.091751 0.184626 -0.025006 -0.079012 0.046309 0.230460
oo 0.159493 -0.242695 0.041646 -0.090632 0.178822 -0.184883 0.256071 -0.256451 -0.049078 -0.006007 0.350339 -0.101079 -0.014567 0.188541 -0.217791 0.074825 0.037560 0.050839 0.204594 0.055572 -0.551181 0.200169 0.026938 0.131928 0.246652 0.225600 -0.079285 0.386370 0.007978 -0.155663 -0.054306 0.219678 -0.080672 -0.057809 -0.601188 -0.231823 -0.049344 -0.161678 -0.231029 -0.046015 0.309851 0.057399 -0.019795 0.140756 0.037116 0.115451 0.214897 0.202193 -0.087093 0.122839 0.033182 0.147156 -0.026855 -0.282074 -0.132077 -0.084188 0.121117 0.145652 -0.126450 0.032223 0.035918 -0.206811 -0.227668 -0.065176 -0.405341 0.046375 -0.021314 -0.058837 0.442629 0.077280 0.078784 0.132659 -0.164123 0.672829 -0.015852 -0.204659 0.099354 0.161240 0.400954 -0.489674 0.266579 0.271236 0.101155 0.025771 -0.120242 -0.324441 0.122532 0.422930 0.070859 -0.083949 0.158337 -0.400532 0.079380 0.152401 0.242484 0.570723 -0.098049 -0.318326 -0.111238 0.149053 0.149378 -0.141922 0.181479 0.214370 0.135821 -0.429957 -0.022546 0.194075 -0.173197 0.303403 0.019531 -0.212967 -0.041205 -0.397267 -0.178523 -0.160865 0.140579 -0.131977 0.004253 -0.280673 -0.249867 0.038171 0.289994 -0.014808 -0.001784 0.049518 -0.110684 -0.092104 0.025865 0.265829 0.026000 -0.424705 -0.009447 0.136674 -0.043209 -0.468736 -0.385820 -0.349909 -0.186539 -0.000998 0.178773 -0.034947 -0.184606 -0.105240 0.085003 0.022867 -0.082435 -0.203396 0.341078 -0.071307 0.086496 0.154681 -0.127772 -0.346406 -0.043750 0.361274 -0.400956 0.194242 -0.086694 0.034281 -0.010217 0.149004 -0.002542 0.492416 0.045146 -0.362440 0.330766 -0.051986 -0.154417 0.321847 -0.248946 -0.106077 -0.283754 -0.270446 0.142439 0.237534 -0.113919 -0.012972 0.155296 0.030331 0.309446 0.377679 -0.311032 0.150541 0.062683 0.461581 -0.084297 -0.046225 0.398232 0.169273 -0.072502 0.334978 0.059618 -0.407378 -0.024138 -0.218316 -0.022251 0.268994 0.136198 -0.005746 0.119932 0.191380 0.219179 -0.429839 0.091342 0.015903 0.197177 -0.095238 -0.318465 -0.532534 0.336392 -0.288647 -0.149955 0.180582 0.059160 0.335358 -0.122359 -0.165506 -0.235360 -0.170139 -0.253232 0.128139 0.323019 0.139325 -0.195129 0.358632 -0.040185 -0.002272 -0.363309 -0.240248 0.062363 0.034206 -0.298910 -0.342360 0.031232 -0.183485 -0.310916 0.271785 0.210343 0.142748 0.331639 0.229806 -0.215204 0.051163 0.206570 0.214639 -0.388480 0.316030 0.196498 0.228725 -0.275533 0.320581 0.113596 0.214192 -0.044883 0.256539 0.040635 0.091970 -0.617092 -0.013882 -0.045148 0.083797 0.061313 -0.276692 0.200186 -0.186795 0.236391 0.162230 0.352074 0.055790 -0.021488 -0.220774 -0.240265 -0.187063 0.106036 -0.062067 -0.291886 0.195781 -0.169050 0.183000 0.105443 -0.094818 0.021503 0.153273 -0.086867 0.496132 0.309558 0.135811 0.266293 0.292928 0.435239 -0.264689 0.290675 -0.181122 -0.268065 -0.151630 0.051455 -0.240515 0.083644 -0.123679
